"X","yield"
"2013-11-24 00:00:00",0
"2013-11-24 02:00:00",0
"2013-11-24 04:00:00",0
"2013-11-24 06:00:00",0
"2013-11-24 08:00:00",0
"2013-11-24 10:00:00",0
"2013-11-24 12:00:00",0
"2013-11-24 14:00:00",0
"2013-11-24 16:00:00",0
"2013-11-24 18:00:00",0
"2013-11-24 20:00:00",0
"2013-11-24 22:00:00",0
"2013-11-25 00:00:00",0
"2013-11-25 02:00:00",0
"2013-11-25 04:00:00",0
"2013-11-25 06:00:00",0
"2013-11-25 08:00:00",0
"2013-11-25 10:00:00",0
"2013-11-25 12:00:00",0
"2013-11-25 14:00:00",0
"2013-11-25 16:00:00",0
"2013-11-25 18:00:00",0
"2013-11-25 20:00:00",0
"2013-11-25 22:00:00",0
"2013-11-26 00:00:00",0
"2013-11-26 02:00:00",0
"2013-11-26 04:00:00",0
"2013-11-26 06:00:00",0
"2013-11-26 08:00:00",0
"2013-11-26 10:00:00",0
"2013-11-26 12:00:00",0
"2013-11-26 14:00:00",0
"2013-11-26 16:00:00",0
"2013-11-26 18:00:00",0
"2013-11-26 20:00:00",0
"2013-11-26 22:00:00",0
"2013-11-27 00:00:00",0
"2013-11-27 02:00:00",0
"2013-11-27 04:00:00",0
"2013-11-27 06:00:00",0
"2013-11-27 08:00:00",0
"2013-11-27 10:00:00",0
"2013-11-27 12:00:00",0
"2013-11-27 14:00:00",0
"2013-11-27 16:00:00",0
"2013-11-27 18:00:00",0
"2013-11-27 20:00:00",0
"2013-11-27 22:00:00",0
"2013-12-14 00:00:00",0.00148741186302355
"2013-12-14 02:00:00",0.000463130924702192
"2013-12-14 04:00:00",0.000621266092735336
"2013-12-14 06:00:00",0.00487879100193374
"2013-12-14 08:00:00",0.00111375247178714
"2013-12-14 10:00:00",0.000865504561518174
"2013-12-14 12:00:00",0.0115251626562386
"2013-12-14 14:00:00",0.000443030528146028
"2013-12-14 16:00:00",0.000471482588938258
"2013-12-14 18:00:00",0.00218013923512207
"2013-12-14 20:00:00",0.00220966270463398
"2013-12-14 22:00:00",0.0194907794002723
"2013-12-15 00:00:00",0.00358632818344815
"2013-12-15 02:00:00",0.00121282352710546
"2013-12-15 04:00:00",0.00181809913035755
"2013-12-15 06:00:00",0.00057510338790665
"2013-12-15 08:00:00",0.00479900199359917
"2013-12-15 10:00:00",0.00218955946512789
"2013-12-15 12:00:00",0.0274116542075954
"2013-12-15 14:00:00",0.0193572302717535
"2013-12-15 16:00:00",0.000501191686292355
"2013-12-15 18:00:00",0.000359253819934133
"2013-12-15 20:00:00",0.00070123708682412
"2013-12-15 22:00:00",0.0083408439402094
"2013-12-16 00:00:00",0.00863553985612494
"2013-12-16 02:00:00",0.265552725581504
"2013-12-16 04:00:00",0.987575035779874
"2013-12-16 06:00:00",1.8382913455719
"2013-12-16 08:00:00",0.198031843169994
"2013-12-16 10:00:00",5.37067785475358
"2013-12-16 12:00:00",7.96514976812901
"2013-12-16 14:00:00",7.74144350840126
"2013-12-16 16:00:00",8.42783989459344
"2013-12-16 18:00:00",2.40031845865718
"2013-12-16 20:00:00",2.23599027349875
"2013-12-16 22:00:00",0.616823838290868
"2013-12-17 00:00:00",0.767852618533017
"2013-12-17 02:00:00",0.282867590694354
"2013-12-17 04:00:00",0.296446930322959
"2013-12-17 06:00:00",0.339098334255448
"2013-12-17 08:00:00",0.104381119575205
"2013-12-17 10:00:00",0.00160513372503824
"2013-12-17 12:00:00",0.0177240314213049
"2013-12-17 14:00:00",0.00310072927645308
"2013-12-17 16:00:00",0.082394083223931
"2013-12-17 18:00:00",0.261738117934615
"2013-12-17 20:00:00",0.363891693709247
"2013-12-17 22:00:00",0.639052224709934
"2014-01-03 00:00:00",0.000336787320196359
"2014-01-03 02:00:00",0.000602579620804233
"2014-01-03 04:00:00",0.000343782480904224
"2014-01-03 06:00:00",0.00104271663416753
"2014-01-03 08:00:00",0.000483308422077489
"2014-01-03 10:00:00",0.000418597353003264
"2014-01-03 12:00:00",0.000801206451338807
"2014-01-03 14:00:00",0.000327340016301632
"2014-01-03 16:00:00",0.000470718632118807
"2014-01-03 18:00:00",0.00156214884696647
"2014-01-03 20:00:00",0.00090277369987955
"2014-01-03 22:00:00",0.000664299904384658
"2014-01-04 00:00:00",0.00103972999278653
"2014-01-04 02:00:00",0.000974140464730683
"2014-01-04 04:00:00",0.00350232484080085
"2014-01-04 06:00:00",0.0151419500454189
"2014-01-04 08:00:00",0.000734084241514203
"2014-01-04 10:00:00",0.000699693388278788
"2014-01-04 12:00:00",0.000677321992603355
"2014-01-04 14:00:00",0.0454612817004018
"2014-01-04 16:00:00",2.38262015429883
"2014-01-04 18:00:00",12.5825872324892
"2014-01-04 20:00:00",5.01379757486187
"2014-01-04 22:00:00",0.0123672730124137
"2014-01-05 00:00:00",0.000869913134325968
"2014-01-05 02:00:00",0.00100423300935263
"2014-01-05 04:00:00",0.000478193901366386
"2014-01-05 06:00:00",0.00107120968894023
"2014-01-05 08:00:00",0.00041771478163416
"2014-01-05 10:00:00",0.000568677630501427
"2014-01-05 12:00:00",0.00242208588227663
"2014-01-05 14:00:00",0.001720199172011
"2014-01-05 16:00:00",0.00152217480576463
"2014-01-05 18:00:00",0.00243623211801877
"2014-01-05 20:00:00",0.000528258921878967
"2014-01-05 22:00:00",0.000683751841268875
"2014-01-06 00:00:00",0.00460682306357348
"2014-01-06 02:00:00",0.000576063512389146
"2014-01-06 04:00:00",0.000656642231547127
"2014-01-06 06:00:00",0.000836188796097044
"2014-01-06 08:00:00",0.00082825254404603
"2014-01-06 10:00:00",0.00123188196717457
"2014-01-06 12:00:00",0.00044722523365618
"2014-01-06 14:00:00",0.000422674843768772
"2014-01-06 16:00:00",0.000360396780749868
"2014-01-06 18:00:00",0.000341878962993794
"2014-01-06 20:00:00",0.000340121783068648
"2014-01-06 22:00:00",0.000339239767796117
"2014-01-23 00:00:00",0
"2014-01-23 02:00:00",0
"2014-01-23 04:00:00",0
"2014-01-23 06:00:00",0
"2014-01-23 08:00:00",0
"2014-01-23 10:00:00",0
"2014-01-23 12:00:00",0
"2014-01-23 14:00:00",0
"2014-01-23 16:00:00",0
"2014-01-23 18:00:00",0
"2014-01-23 20:00:00",0
"2014-01-23 22:00:00",0
"2014-01-24 00:00:00",0
"2014-01-24 02:00:00",0
"2014-01-24 04:00:00",0
"2014-01-24 06:00:00",0
"2014-01-24 08:00:00",0
"2014-01-24 10:00:00",0
"2014-01-24 12:00:00",0
"2014-01-24 14:00:00",0
"2014-01-24 16:00:00",0
"2014-01-24 18:00:00",0
"2014-01-24 20:00:00",0
"2014-01-24 22:00:00",0
"2014-01-25 00:00:00",0
"2014-01-25 02:00:00",0
"2014-01-25 04:00:00",0
"2014-01-25 06:00:00",0
"2014-01-25 08:00:00",0
"2014-01-25 10:00:00",0
"2014-01-25 12:00:00",0
"2014-01-25 14:00:00",0
"2014-01-25 16:00:00",0
"2014-01-25 18:00:00",0
"2014-01-25 20:00:00",0
"2014-01-25 22:00:00",0
"2014-01-26 00:00:00",0
"2014-01-26 02:00:00",0
"2014-01-26 04:00:00",0
"2014-01-26 06:00:00",0
"2014-01-26 08:00:00",0
"2014-01-26 10:00:00",0
"2014-01-26 12:00:00",0
"2014-01-26 14:00:00",0
"2014-01-26 16:00:00",0
"2014-01-26 18:00:00",0
"2014-01-26 20:00:00",0
"2014-01-26 22:00:00",0
"2014-02-12 00:00:00",0.000839036441715333
"2014-02-12 02:00:00",0.0141714234154912
"2014-02-12 04:00:00",0.00102628235672072
"2014-02-12 06:00:00",0.00102554989634507
"2014-02-12 08:00:00",0.00394407717862149
"2014-02-12 10:00:00",0.00160143851118759
"2014-02-12 12:00:00",0.000709662832784762
"2014-02-12 14:00:00",0.025442895063052
"2014-02-12 16:00:00",0.00675674654372357
"2014-02-12 18:00:00",0.964541783909116
"2014-02-12 20:00:00",1.16668636783889
"2014-02-12 22:00:00",0.00115757663240458
"2014-02-13 00:00:00",0.00195550773243981
"2014-02-13 02:00:00",0.00182784960509609
"2014-02-13 04:00:00",0.000414025817479452
"2014-02-13 06:00:00",0.0101905516123537
"2014-02-13 08:00:00",0.00151875569039142
"2014-02-13 10:00:00",0.00189398839767605
"2014-02-13 12:00:00",0.000487034894649977
"2014-02-13 14:00:00",0.00114901051770592
"2014-02-13 16:00:00",0.000729946088642634
"2014-02-13 18:00:00",0.00532590640638074
"2014-02-13 20:00:00",0.000644016489215678
"2014-02-13 22:00:00",0.000720178060930912
"2014-02-14 00:00:00",0.000731056631239016
"2014-02-14 02:00:00",0.000483550458513619
"2014-02-14 04:00:00",0.000690824951841479
"2014-02-14 06:00:00",0.00160412865099063
"2014-02-14 08:00:00",0.00722257443247707
"2014-02-14 10:00:00",0.00448829015050012
"2014-02-14 12:00:00",0.0115536737564994
"2014-02-14 14:00:00",0.0156308853622468
"2014-02-14 16:00:00",0.000531036910951359
"2014-02-14 18:00:00",0.000603532353554017
"2014-02-14 20:00:00",0.000584884038587069
"2014-02-14 22:00:00",0.00128966323121677
"2014-02-15 00:00:00",0.000336492677608082
"2014-02-15 02:00:00",0.000336560862837043
"2014-02-15 04:00:00",0.000336782333829313
"2014-02-15 06:00:00",0.00033633441356204
"2014-02-15 08:00:00",0.000973345221244912
"2014-02-15 10:00:00",0.00141969170885387
"2014-02-15 12:00:00",0.00287081226280356
"2014-02-15 14:00:00",0.0313039926417466
"2014-02-15 16:00:00",6.05492386324618
"2014-02-15 18:00:00",10.6253571603991
"2014-02-15 20:00:00",11.7673335811376
"2014-02-15 22:00:00",11.555407315249
"2014-03-04 00:00:00",1.53611804462632
"2014-03-04 02:00:00",0.016457306650802
"2014-03-04 04:00:00",0.102845041577969
"2014-03-04 06:00:00",0.0447763936467441
"2014-03-04 08:00:00",0.052652034748614
"2014-03-04 10:00:00",0.000529478834036552
"2014-03-04 12:00:00",0.000880218032587105
"2014-03-04 14:00:00",0.00294403100265229
"2014-03-04 16:00:00",0.0213243426181983
"2014-03-04 18:00:00",0.0028869891954326
"2014-03-04 20:00:00",0.000696941066947352
"2014-03-04 22:00:00",0.00140830536474602
"2014-03-05 00:00:00",0.00102067206653165
"2014-03-05 02:00:00",0.000547848650713885
"2014-03-05 04:00:00",0.000643123102899013
"2014-03-05 06:00:00",0.000347602994619151
"2014-03-05 08:00:00",0.000600201202052378
"2014-03-05 10:00:00",0.00300837582718293
"2014-03-05 12:00:00",0.000986899214811342
"2014-03-05 14:00:00",0.00325946675052021
"2014-03-05 16:00:00",0.00155382407244335
"2014-03-05 18:00:00",0.0215817510698051
"2014-03-05 20:00:00",0.000508666108183581
"2014-03-05 22:00:00",0.00188057483484815
"2014-03-06 00:00:00",0.00316773844690544
"2014-03-06 02:00:00",0.000798529093203312
"2014-03-06 04:00:00",0.000629500236557072
"2014-03-06 06:00:00",0.000332488108097365
"2014-03-06 08:00:00",0.00071996937926872
"2014-03-06 10:00:00",0.00156378334432429
"2014-03-06 12:00:00",0.00282877891624498
"2014-03-06 14:00:00",0.0103481705878702
"2014-03-06 16:00:00",0.00170042599940287
"2014-03-06 18:00:00",0.000614897849733989
"2014-03-06 20:00:00",0.00377388121677609
"2014-03-06 22:00:00",0.000962705538774053
"2014-03-07 00:00:00",0.025737711574505
"2014-03-07 02:00:00",0.00156878783817035
"2014-03-07 04:00:00",0.000729640323364815
"2014-03-07 06:00:00",0.0014930912886543
"2014-03-07 08:00:00",0.00115618938183067
"2014-03-07 10:00:00",0.00049856255235776
"2014-03-07 12:00:00",0.00254782091403824
"2014-03-07 14:00:00",0.0050166541808345
"2014-03-07 16:00:00",0.00309091605570732
"2014-03-07 18:00:00",0.000904420479122217
"2014-03-07 20:00:00",0.00718565790261707
"2014-03-07 22:00:00",0.00689655155288021
"2014-03-24 00:00:00",0
"2014-03-24 02:00:00",0
"2014-03-24 04:00:00",0
"2014-03-24 06:00:00",0
"2014-03-24 08:00:00",0
"2014-03-24 10:00:00",0
"2014-03-24 12:00:00",0
"2014-03-24 14:00:00",0
"2014-03-24 16:00:00",0
"2014-03-24 18:00:00",0
"2014-03-24 20:00:00",0
"2014-03-24 22:00:00",0
"2014-03-25 00:00:00",0
"2014-03-25 02:00:00",0
"2014-03-25 04:00:00",0
"2014-03-25 06:00:00",0
"2014-03-25 08:00:00",0
"2014-03-25 10:00:00",0
"2014-03-25 12:00:00",0
"2014-03-25 14:00:00",0
"2014-03-25 16:00:00",0
"2014-03-25 18:00:00",0
"2014-03-25 20:00:00",0
"2014-03-25 22:00:00",0
"2014-03-26 00:00:00",0
"2014-03-26 02:00:00",0
"2014-03-26 04:00:00",0
"2014-03-26 06:00:00",0
"2014-03-26 08:00:00",0
"2014-03-26 10:00:00",0
"2014-03-26 12:00:00",0
"2014-03-26 14:00:00",0
"2014-03-26 16:00:00",0
"2014-03-26 18:00:00",0
"2014-03-26 20:00:00",0
"2014-03-26 22:00:00",0
"2014-03-27 00:00:00",0
"2014-03-27 02:00:00",0
"2014-03-27 04:00:00",0
"2014-03-27 06:00:00",0
"2014-03-27 08:00:00",0
"2014-03-27 10:00:00",0
"2014-03-27 12:00:00",0
"2014-03-27 14:00:00",0
"2014-03-27 16:00:00",0
"2014-03-27 18:00:00",0
"2014-03-27 20:00:00",0
"2014-03-27 22:00:00",0
"2014-04-13 00:00:00",0.0012733797486635
"2014-04-13 02:00:00",0.000698909038617498
"2014-04-13 04:00:00",0.00136716087876953
"2014-04-13 06:00:00",0.000933286120330875
"2014-04-13 08:00:00",0.000970826423357196
"2014-04-13 10:00:00",0.000446335122453613
"2014-04-13 12:00:00",0.00214932827367701
"2014-04-13 14:00:00",0.00307374226161053
"2014-04-13 16:00:00",0.00136013150080928
"2014-04-13 18:00:00",0.000770944734219305
"2014-04-13 20:00:00",0.00683518967307961
"2014-04-13 22:00:00",0.00991456948769339
"2014-04-14 00:00:00",0.00194610685759891
"2014-04-14 02:00:00",0.00061105123998217
"2014-04-14 04:00:00",0.00321570612086672
"2014-04-14 06:00:00",0.000575283871393837
"2014-04-14 08:00:00",0.000594147095085181
"2014-04-14 10:00:00",0.000652314271646654
"2014-04-14 12:00:00",0.00175151388776138
"2014-04-14 14:00:00",0.00154960836107206
"2014-04-14 16:00:00",0.001992214790811
"2014-04-14 18:00:00",0.00261464005340611
"2014-04-14 20:00:00",0.000369382107689336
"2014-04-14 22:00:00",0.00159511954950437
"2014-04-15 00:00:00",0.00185110393546955
"2014-04-15 02:00:00",0.000670130519584756
"2014-04-15 04:00:00",0.0118978957797574
"2014-04-15 06:00:00",0.000638031691415797
"2014-04-15 08:00:00",0.00182395073685859
"2014-04-15 10:00:00",0.00244651461167725
"2014-04-15 12:00:00",0.0024428034544884
"2014-04-15 14:00:00",0.00242139743736484
"2014-04-15 16:00:00",0.0188288105469262
"2014-04-15 18:00:00",0.0305243563589006
"2014-04-15 20:00:00",0.0026169121461178
"2014-04-15 22:00:00",0.00297002423256267
"2014-04-16 00:00:00",0.0103533085975017
"2014-04-16 02:00:00",0.0133088675822346
"2014-04-16 04:00:00",0.0242251246657582
"2014-04-16 06:00:00",0.100523970899945
"2014-04-16 08:00:00",0.0020658739241867
"2014-04-16 10:00:00",0.00673432012798521
"2014-04-16 12:00:00",0.00084369540206405
"2014-04-16 14:00:00",0.00093060258507971
"2014-04-16 16:00:00",0.00549957532201855
"2014-04-16 18:00:00",0.000693839950868972
"2014-04-16 20:00:00",0.0242892353602774
"2014-04-16 22:00:00",0.00217033912455689
"2014-05-03 00:00:00",0.000895563093476969
"2014-05-03 02:00:00",0.000900067967987043
"2014-05-03 04:00:00",0.000374426034769987
"2014-05-03 06:00:00",0.000713231224548509
"2014-05-03 08:00:00",0.000933804181890578
"2014-05-03 10:00:00",0.00286624391117344
"2014-05-03 12:00:00",0.000485668672901336
"2014-05-03 14:00:00",0.00144609764509009
"2014-05-03 16:00:00",0.000511283263494805
"2014-05-03 18:00:00",0.00155701956781379
"2014-05-03 20:00:00",0.000313727330820888
"2014-05-03 22:00:00",0.0313700883118428
"2014-05-04 00:00:00",0.000513761243660704
"2014-05-04 02:00:00",0.000518681842145598
"2014-05-04 04:00:00",0.00401759283028279
"2014-05-04 06:00:00",0.00411631063511719
"2014-05-04 08:00:00",0.00101023266622509
"2014-05-04 10:00:00",0.00417072782516624
"2014-05-04 12:00:00",0.00379209446551057
"2014-05-04 14:00:00",0.000802339471589907
"2014-05-04 16:00:00",0.00394542827437175
"2014-05-04 18:00:00",0.0012877155015778
"2014-05-04 20:00:00",0.000771461468686572
"2014-05-04 22:00:00",0.000537834853762407
"2014-05-05 00:00:00",0.00180206720227393
"2014-05-05 02:00:00",0.000804680768777824
"2014-05-05 04:00:00",0.000591800007582586
"2014-05-05 06:00:00",0.00064812273916291
"2014-05-05 08:00:00",0.000436045507698518
"2014-05-05 10:00:00",0.000858185267950826
"2014-05-05 12:00:00",0.000619006585283002
"2014-05-05 14:00:00",0.00170740432948192
"2014-05-05 16:00:00",0.0012612273958028
"2014-05-05 18:00:00",0.000720607975338155
"2014-05-05 20:00:00",0.00552690596048119
"2014-05-05 22:00:00",0.000496687255635817
"2014-05-06 00:00:00",0.000378919758132402
"2014-05-06 02:00:00",0.000652422532993897
"2014-05-06 04:00:00",0.00107077828445687
"2014-05-06 06:00:00",0.00258437253505541
"2014-05-06 08:00:00",0.00482910665010521
"2014-05-06 10:00:00",0.000775684086127132
"2014-05-06 12:00:00",0.00191230150346345
"2014-05-06 14:00:00",0.013755655686
"2014-05-06 16:00:00",0.190415732652859
"2014-05-06 18:00:00",0.338651105420433
"2014-05-06 20:00:00",1.75757683799464
"2014-05-06 22:00:00",0.00154385370318579
"2014-05-23 00:00:00",0
"2014-05-23 02:00:00",0
"2014-05-23 04:00:00",0
"2014-05-23 06:00:00",0
"2014-05-23 08:00:00",0
"2014-05-23 10:00:00",0
"2014-05-23 12:00:00",0
"2014-05-23 14:00:00",0
"2014-05-23 16:00:00",0
"2014-05-23 18:00:00",0
"2014-05-23 20:00:00",0
"2014-05-23 22:00:00",0
"2014-05-24 00:00:00",0
"2014-05-24 02:00:00",0
"2014-05-24 04:00:00",0
"2014-05-24 06:00:00",0
"2014-05-24 08:00:00",0
"2014-05-24 10:00:00",0
"2014-05-24 12:00:00",0
"2014-05-24 14:00:00",0
"2014-05-24 16:00:00",0
"2014-05-24 18:00:00",0
"2014-05-24 20:00:00",0
"2014-05-24 22:00:00",0
"2014-05-25 00:00:00",0
"2014-05-25 02:00:00",0
"2014-05-25 04:00:00",0
"2014-05-25 06:00:00",0
"2014-05-25 08:00:00",0
"2014-05-25 10:00:00",0
"2014-05-25 12:00:00",0
"2014-05-25 14:00:00",0
"2014-05-25 16:00:00",0
"2014-05-25 18:00:00",0
"2014-05-25 20:00:00",0
"2014-05-25 22:00:00",0
"2014-05-26 00:00:00",0
"2014-05-26 02:00:00",0
"2014-05-26 04:00:00",0
"2014-05-26 06:00:00",0
"2014-05-26 08:00:00",0
"2014-05-26 10:00:00",0
"2014-05-26 12:00:00",0
"2014-05-26 14:00:00",0
"2014-05-26 16:00:00",0
"2014-05-26 18:00:00",0
"2014-05-26 20:00:00",0
"2014-05-26 22:00:00",0
"2014-06-12 00:00:00",0.00163244845777105
"2014-06-12 02:00:00",0.0718181923306184
"2014-06-12 04:00:00",0.00140753801465034
"2014-06-12 06:00:00",0.0021743514686902
"2014-06-12 08:00:00",0.00788776114996396
"2014-06-12 10:00:00",0.000340977937409418
"2014-06-12 12:00:00",0.0176219603289216
"2014-06-12 14:00:00",0.00747102280565197
"2014-06-12 16:00:00",0.00288509330492403
"2014-06-12 18:00:00",0.000603093263417004
"2014-06-12 20:00:00",0.00576621593764591
"2014-06-12 22:00:00",0.000562747057734343
"2014-06-13 00:00:00",0.00169251998699388
"2014-06-13 02:00:00",0.00650003489941538
"2014-06-13 04:00:00",0.00102664840224089
"2014-06-13 06:00:00",0.00218909650875937
"2014-06-13 08:00:00",0.0150772393082802
"2014-06-13 10:00:00",0.00622551353281524
"2014-06-13 12:00:00",0.0130916416501709
"2014-06-13 14:00:00",0.0279753327765962
"2014-06-13 16:00:00",0.00175653474720498
"2014-06-13 18:00:00",0.00139773085976918
"2014-06-13 20:00:00",0.000970138356880118
"2014-06-13 22:00:00",0.000629158843872142
"2014-06-14 00:00:00",0.000975518535141384
"2014-06-14 02:00:00",0.00032824870798358
"2014-06-14 04:00:00",0.000759328538202967
"2014-06-14 06:00:00",0.0018500334682058
"2014-06-14 08:00:00",0.000458004657686218
"2014-06-14 10:00:00",0.000418433634384012
"2014-06-14 12:00:00",0.0017419894682862
"2014-06-14 14:00:00",0.00152258180886462
"2014-06-14 16:00:00",0.000597266177906607
"2014-06-14 18:00:00",0.000717140025233914
"2014-06-14 20:00:00",0.0105476016481991
"2014-06-14 22:00:00",0.0295912287950383
"2014-06-15 00:00:00",0.0346093714838954
"2014-06-15 02:00:00",0.00331849804683766
"2014-06-15 04:00:00",0.00129135260453069
"2014-06-15 06:00:00",0.00080712711895629
"2014-06-15 08:00:00",0.00267118030281712
"2014-06-15 10:00:00",0.00402337627455223
"2014-06-15 12:00:00",0.00181761148264135
"2014-06-15 14:00:00",0.000744605565925956
"2014-06-15 16:00:00",0.00252164965997299
"2014-06-15 18:00:00",0.00136037339743717
"2014-06-15 20:00:00",4.95197827042905
"2014-06-15 22:00:00",7.41645966754056
"2014-07-02 00:00:00",0.00525936303558806
"2014-07-02 02:00:00",0.00404272861779983
"2014-07-02 04:00:00",0.00612724289297555
"2014-07-02 06:00:00",0.0178733685088569
"2014-07-02 08:00:00",0.00090087071926133
"2014-07-02 10:00:00",0.000685391950268452
"2014-07-02 12:00:00",0.0366388310388405
"2014-07-02 14:00:00",0.00927766955295982
"2014-07-02 16:00:00",0.0109914627328083
"2014-07-02 18:00:00",0.187003810612676
"2014-07-02 20:00:00",6.55144039273544
"2014-07-02 22:00:00",9.48149522666197
"2014-07-03 00:00:00",9.96967870522099
"2014-07-03 02:00:00",3.17989463556091
"2014-07-03 04:00:00",0.0564110557892374
"2014-07-03 06:00:00",0.186025633676243
"2014-07-03 08:00:00",0.00074225679589821
"2014-07-03 10:00:00",0.0178326066901595
"2014-07-03 12:00:00",0.00572306895412468
"2014-07-03 14:00:00",0.00822238586201335
"2014-07-03 16:00:00",0.0128483720779059
"2014-07-03 18:00:00",0.00855766683569908
"2014-07-03 20:00:00",0.144219009229151
"2014-07-03 22:00:00",0.00246852772095243
"2014-07-04 00:00:00",0.0019737952690766
"2014-07-04 02:00:00",0.00099187849081904
"2014-07-04 04:00:00",0.0185665832227825
"2014-07-04 06:00:00",0.00149866143810691
"2014-07-04 08:00:00",0.000373025853547992
"2014-07-04 10:00:00",0.00216081259973782
"2014-07-04 12:00:00",0.00358185034706593
"2014-07-04 14:00:00",0.00155755055740424
"2014-07-04 16:00:00",0.00112216521884987
"2014-07-04 18:00:00",0.000989369498702163
"2014-07-04 20:00:00",0.000361208934990641
"2014-07-04 22:00:00",0.000338428734249713
"2014-07-05 00:00:00",0.000436832085709075
"2014-07-05 02:00:00",0.00158727788033401
"2014-07-05 04:00:00",0.00104837868429672
"2014-07-05 06:00:00",0.000538618593416651
"2014-07-05 08:00:00",0.0103548386427934
"2014-07-05 10:00:00",0.000998989988909596
"2014-07-05 12:00:00",0.000837237653449563
"2014-07-05 14:00:00",0.000760581448020464
"2014-07-05 16:00:00",0.000407145505639146
"2014-07-05 18:00:00",0.00102666155670694
"2014-07-05 20:00:00",0.00693476632320594
"2014-07-05 22:00:00",0.000878417241304426
"2014-07-22 00:00:00",0
"2014-07-22 02:00:00",0
"2014-07-22 04:00:00",0
"2014-07-22 06:00:00",0
"2014-07-22 08:00:00",0
"2014-07-22 10:00:00",0
"2014-07-22 12:00:00",0
"2014-07-22 14:00:00",0
"2014-07-22 16:00:00",0
"2014-07-22 18:00:00",0
"2014-07-22 20:00:00",0
"2014-07-22 22:00:00",0
"2014-07-23 00:00:00",0
"2014-07-23 02:00:00",0
"2014-07-23 04:00:00",0
"2014-07-23 06:00:00",0
"2014-07-23 08:00:00",0
"2014-07-23 10:00:00",0
"2014-07-23 12:00:00",0
"2014-07-23 14:00:00",0
"2014-07-23 16:00:00",0
"2014-07-23 18:00:00",0
"2014-07-23 20:00:00",0
"2014-07-23 22:00:00",0
"2014-07-24 00:00:00",0
"2014-07-24 02:00:00",0
"2014-07-24 04:00:00",0
"2014-07-24 06:00:00",0
"2014-07-24 08:00:00",0
"2014-07-24 10:00:00",0
"2014-07-24 12:00:00",0
"2014-07-24 14:00:00",0
"2014-07-24 16:00:00",0
"2014-07-24 18:00:00",0
"2014-07-24 20:00:00",0
"2014-07-24 22:00:00",0
"2014-07-25 00:00:00",0
"2014-07-25 02:00:00",0
"2014-07-25 04:00:00",0
"2014-07-25 06:00:00",0
"2014-07-25 08:00:00",0
"2014-07-25 10:00:00",0
"2014-07-25 12:00:00",0
"2014-07-25 14:00:00",0
"2014-07-25 16:00:00",0
"2014-07-25 18:00:00",0
"2014-07-25 20:00:00",0
"2014-07-25 22:00:00",0
"2014-08-11 00:00:00",0.00082044105842064
"2014-08-11 02:00:00",0.000745693723765692
"2014-08-11 04:00:00",0.00110906226749588
"2014-08-11 06:00:00",0.000339239767796124
"2014-08-11 08:00:00",0.000632733555117942
"2014-08-11 10:00:00",0.00132898993513301
"2014-08-11 12:00:00",0.00169716601248872
"2014-08-11 14:00:00",0.000936273198487453
"2014-08-11 16:00:00",0.000539874777161976
"2014-08-11 18:00:00",0.000707155844279788
"2014-08-11 20:00:00",0.00658984483294346
"2014-08-11 22:00:00",0.00146943945604555
"2014-08-12 00:00:00",0.00538675059440762
"2014-08-12 02:00:00",0.00455095507183264
"2014-08-12 04:00:00",0.000618801021618753
"2014-08-12 06:00:00",0.00102596234500595
"2014-08-12 08:00:00",0.000517044788304512
"2014-08-12 10:00:00",0.00217412554481221
"2014-08-12 12:00:00",0.000976420117509416
"2014-08-12 14:00:00",0.000745997035703054
"2014-08-12 16:00:00",0.00212399253037272
"2014-08-12 18:00:00",0.0278493855572216
"2014-08-12 20:00:00",0.00172702851308826
"2014-08-12 22:00:00",0.000713688861245745
"2014-08-13 00:00:00",0.000479266275276949
"2014-08-13 02:00:00",0.000637282579611868
"2014-08-13 04:00:00",0.000548104832004567
"2014-08-13 06:00:00",0.00435797085089981
"2014-08-13 08:00:00",0.00131446987053785
"2014-08-13 10:00:00",0.000948719995542123
"2014-08-13 12:00:00",0.00234518216753946
"2014-08-13 14:00:00",0.00156149579469064
"2014-08-13 16:00:00",0.000427077450967314
"2014-08-13 18:00:00",0.000360051670015904
"2014-08-13 20:00:00",0.000335565461946226
"2014-08-13 22:00:00",0.000626619890422063
"2014-08-14 00:00:00",0.00068598609447689
"2014-08-14 02:00:00",0.00068598609447689
"2014-08-14 04:00:00",0.000431434184402142
"2014-08-14 06:00:00",0.000375020550737949
"2014-08-14 08:00:00",0.000863490978249287
"2014-08-14 10:00:00",0.00107876111676604
"2014-08-14 12:00:00",0.00248859282684399
"2014-08-14 14:00:00",0.0015102554766821
"2014-08-14 16:00:00",0.000357471453096429
"2014-08-14 18:00:00",0.00109594304604724
"2014-08-14 20:00:00",0.00228015255202144
"2014-08-14 22:00:00",0.000421962235709189
"2014-08-31 00:00:00",0.0239829369093842
"2014-08-31 02:00:00",0.00316439405081439
"2014-08-31 04:00:00",0.000635850402478961
"2014-08-31 06:00:00",0.00118129363152246
"2014-08-31 08:00:00",0.00317139524189181
"2014-08-31 10:00:00",0.000814076610326066
"2014-08-31 12:00:00",0.0315879453637647
"2014-08-31 14:00:00",0.00289853734734677
"2014-08-31 16:00:00",0.000463090056800773
"2014-08-31 18:00:00",0.00712838731508799
"2014-08-31 20:00:00",0.002355407737396
"2014-08-31 22:00:00",0.00484262511236365
"2014-09-01 00:00:00",0.00583279295433069
"2014-09-01 02:00:00",0.00130476982403214
"2014-09-01 04:00:00",0.00105496323650456
"2014-09-01 06:00:00",0.00170970553332395
"2014-09-01 08:00:00",0.0106450014207251
"2014-09-01 10:00:00",0.00392626352826098
"2014-09-01 12:00:00",0.000628804669738122
"2014-09-01 14:00:00",0.0018580819671267
"2014-09-01 16:00:00",0.00183205410274523
"2014-09-01 18:00:00",0.00195909821060605
"2014-09-01 20:00:00",0.00445604482143401
"2014-09-01 22:00:00",0.238139408040614
"2014-09-02 00:00:00",0.00118962769571053
"2014-09-02 02:00:00",0.00129621984111141
"2014-09-02 04:00:00",0.000606992327913903
"2014-09-02 06:00:00",0.00174483668833029
"2014-09-02 08:00:00",0.00246545607426438
"2014-09-02 10:00:00",0.00070355118381078
"2014-09-02 12:00:00",0.00264909263665812
"2014-09-02 14:00:00",0.00837723796513009
"2014-09-02 16:00:00",0.0842989207505574
"2014-09-02 18:00:00",0.0600814710038001
"2014-09-02 20:00:00",0.00118410307356604
"2014-09-02 22:00:00",0.0041019731336209
"2014-09-03 00:00:00",0.00465429068431033
"2014-09-03 02:00:00",0.00657982063786892
"2014-09-03 04:00:00",0.00076598405188453
"2014-09-03 06:00:00",0.00106843712730475
"2014-09-03 08:00:00",0.000705923300688881
"2014-09-03 10:00:00",0.00220780276234548
"2014-09-03 12:00:00",0.00848518218318168
"2014-09-03 14:00:00",0.000959952810551746
"2014-09-03 16:00:00",0.00138312379673229
"2014-09-03 18:00:00",0.041709153169823
"2014-09-03 20:00:00",0.00142653836182145
"2014-09-03 22:00:00",0.0032070099936388
"2014-09-20 00:00:00",0
"2014-09-20 02:00:00",0
"2014-09-20 04:00:00",0
"2014-09-20 06:00:00",0
"2014-09-20 08:00:00",0
"2014-09-20 10:00:00",0
"2014-09-20 12:00:00",0
"2014-09-20 14:00:00",0
"2014-09-20 16:00:00",0
"2014-09-20 18:00:00",0
"2014-09-20 20:00:00",0
"2014-09-20 22:00:00",0
"2014-09-21 00:00:00",0
"2014-09-21 02:00:00",0
"2014-09-21 04:00:00",0
"2014-09-21 06:00:00",0
"2014-09-21 08:00:00",0
"2014-09-21 10:00:00",0
"2014-09-21 12:00:00",0
"2014-09-21 14:00:00",0
"2014-09-21 16:00:00",0
"2014-09-21 18:00:00",0
"2014-09-21 20:00:00",0
"2014-09-21 22:00:00",0
"2014-09-22 00:00:00",0
"2014-09-22 02:00:00",0
"2014-09-22 04:00:00",0
"2014-09-22 06:00:00",0
"2014-09-22 08:00:00",0
"2014-09-22 10:00:00",0
"2014-09-22 12:00:00",0
"2014-09-22 14:00:00",0
"2014-09-22 16:00:00",0
"2014-09-22 18:00:00",0
"2014-09-22 20:00:00",0
"2014-09-22 22:00:00",0
"2014-09-23 00:00:00",0
"2014-09-23 02:00:00",0
"2014-09-23 04:00:00",0
"2014-09-23 06:00:00",0
"2014-09-23 08:00:00",0
"2014-09-23 10:00:00",0
"2014-09-23 12:00:00",0
"2014-09-23 14:00:00",0
"2014-09-23 16:00:00",0
"2014-09-23 18:00:00",0
"2014-09-23 20:00:00",0
"2014-09-23 22:00:00",0
"2014-10-10 00:00:00",0.000328867985796043
"2014-10-10 02:00:00",0.000328284430164075
"2014-10-10 04:00:00",0.000337833254098244
"2014-10-10 06:00:00",0.000339239767796128
"2014-10-10 08:00:00",0.00220642120967519
"2014-10-10 10:00:00",0.00771825181534334
"2014-10-10 12:00:00",0.000589443110792622
"2014-10-10 14:00:00",0.00956459670386095
"2014-10-10 16:00:00",0.0302098172248734
"2014-10-10 18:00:00",0.000344497581841808
"2014-10-10 20:00:00",0.000344182830755533
"2014-10-10 22:00:00",0.000428075708313131
"2014-10-11 00:00:00",0.000336324640234343
"2014-10-11 02:00:00",0.000385737605898967
"2014-10-11 04:00:00",0.000353562371830536
"2014-10-11 06:00:00",0.000358620114603959
"2014-10-11 08:00:00",0.000401777677361092
"2014-10-11 10:00:00",0.000802431499379125
"2014-10-11 12:00:00",0.00107545983081431
"2014-10-11 14:00:00",0.0130532804691262
"2014-10-11 16:00:00",0.00469671342926019
"2014-10-11 18:00:00",0.00241396246961315
"2014-10-11 20:00:00",0.0469441564297888
"2014-10-11 22:00:00",0.00169666634256629
"2014-10-12 00:00:00",0.449542539885212
"2014-10-12 02:00:00",1.23979383161633
"2014-10-12 04:00:00",10.1432583534007
"2014-10-12 06:00:00",9.12595217844324
"2014-10-12 08:00:00",5.69763409179409
"2014-10-12 10:00:00",0.393961984646662
"2014-10-12 12:00:00",0.00568432238162202
"2014-10-12 14:00:00",0.0177786198980932
"2014-10-12 16:00:00",0.0132270685258356
"2014-10-12 18:00:00",0.0510300746067687
"2014-10-12 20:00:00",3.99272357986195
"2014-10-12 22:00:00",11.130806278312
"2014-10-13 00:00:00",8.58070486594026
"2014-10-13 02:00:00",6.94286641103134
"2014-10-13 04:00:00",4.06985536902939
"2014-10-13 06:00:00",3.58420737756622
"2014-10-13 08:00:00",1.91758264193799
"2014-10-13 10:00:00",0.0170147670395893
"2014-10-13 12:00:00",0.0167038903749788
"2014-10-13 14:00:00",0.00426717336423482
"2014-10-13 16:00:00",0.00796042501790144
"2014-10-13 18:00:00",0.0790241222444702
"2014-10-13 20:00:00",12.9585127238044
"2014-10-13 22:00:00",15.355605595923
"2014-12-09 00:00:00",0.0119810450287309
"2014-12-09 02:00:00",0.00200036535615378
"2014-12-09 04:00:00",0.00852217481011967
"2014-12-09 06:00:00",0.00584935926219078
"2014-12-09 08:00:00",0.00320549903055351
"2014-12-09 10:00:00",0.00086960150379664
"2014-12-09 12:00:00",0.000542362146518492
"2014-12-09 14:00:00",0.000447319355263138
"2014-12-09 16:00:00",0.00087209988622686
"2014-12-09 18:00:00",0.0115880908017839
"2014-12-09 20:00:00",0.00181900634450785
"2014-12-09 22:00:00",0.0139045818641455
"2014-12-10 00:00:00",0.000342583501373136
"2014-12-10 02:00:00",0.0194209668914526
"2014-12-10 04:00:00",0.0007049750345658
"2014-12-10 06:00:00",0.000614721081535167
"2014-12-10 08:00:00",0.00108786609969639
"2014-12-10 10:00:00",0.00214645399117105
"2014-12-10 12:00:00",0.000720887606740694
"2014-12-10 14:00:00",0.0225605912736199
"2014-12-10 16:00:00",0.0010413039454092
"2014-12-10 18:00:00",0.0884730398633387
"2014-12-10 20:00:00",0.00806634377108297
"2014-12-10 22:00:00",0.00146921714064539
"2014-12-11 00:00:00",0.00182006939668424
"2014-12-11 02:00:00",0.00111770976125458
"2014-12-11 04:00:00",0.00570229985887777
"2014-12-11 06:00:00",0.00448193577069577
"2014-12-11 08:00:00",0.000912706212273356
"2014-12-11 10:00:00",0.000414968757778166
"2014-12-11 12:00:00",0.00559387126529526
"2014-12-11 14:00:00",0.00168960834376688
"2014-12-11 16:00:00",0.0034956418993113
"2014-12-11 18:00:00",0.0740755531201594
"2014-12-11 20:00:00",0.00831009188153195
"2014-12-11 22:00:00",0.0215519630031471
"2014-12-12 00:00:00",0.000756346754737458
"2014-12-12 02:00:00",0.00095221373132118
"2014-12-12 04:00:00",0.00304504277272543
"2014-12-12 06:00:00",0.00192308187225067
"2014-12-12 08:00:00",0.000341713014219485
"2014-12-12 10:00:00",0.00540290245932272
"2014-12-12 12:00:00",0.00121589299064634
"2014-12-12 14:00:00",0.00142239948798189
"2014-12-12 16:00:00",0.00226417194166174
"2014-12-12 18:00:00",0.0124277768139227
"2014-12-12 20:00:00",0.00191152678489482
"2014-12-12 22:00:00",0.00142576136581037
"2014-12-29 00:00:00",0
"2014-12-29 02:00:00",0
"2014-12-29 04:00:00",0
"2014-12-29 06:00:00",0
"2014-12-29 08:00:00",0
"2014-12-29 10:00:00",0
"2014-12-29 12:00:00",0
"2014-12-29 14:00:00",0
"2014-12-29 16:00:00",0
"2014-12-29 18:00:00",0
"2014-12-29 20:00:00",0
"2014-12-29 22:00:00",0
"2014-12-30 00:00:00",0
"2014-12-30 02:00:00",0
"2014-12-30 04:00:00",0
"2014-12-30 06:00:00",0
"2014-12-30 08:00:00",0
"2014-12-30 10:00:00",0
"2014-12-30 12:00:00",0
"2014-12-30 14:00:00",0
"2014-12-30 16:00:00",0
"2014-12-30 18:00:00",0
"2014-12-30 20:00:00",0
"2014-12-30 22:00:00",0
"2014-12-31 00:00:00",0
"2014-12-31 02:00:00",0
"2014-12-31 04:00:00",0
"2014-12-31 06:00:00",0
"2014-12-31 08:00:00",0
"2014-12-31 10:00:00",0
"2014-12-31 12:00:00",0
"2014-12-31 14:00:00",0
"2014-12-31 16:00:00",0
"2014-12-31 18:00:00",0
"2014-12-31 20:00:00",0
"2014-12-31 22:00:00",0
"2015-01-01 00:00:00",0
"2015-01-01 02:00:00",0
"2015-01-01 04:00:00",0
"2015-01-01 06:00:00",0
"2015-01-01 08:00:00",0
"2015-01-01 10:00:00",0
"2015-01-01 12:00:00",0
"2015-01-01 14:00:00",0
"2015-01-01 16:00:00",0
"2015-01-01 18:00:00",0
"2015-01-01 20:00:00",0
"2015-01-01 22:00:00",0
"2015-01-18 00:00:00",5.63941523250376
"2015-01-18 02:00:00",6.56406609212566
"2015-01-18 04:00:00",4.40738511128872
"2015-01-18 06:00:00",1.48152945394137
"2015-01-18 08:00:00",3.30791471768858
"2015-01-18 10:00:00",0.445660893746967
"2015-01-18 12:00:00",0.112509549342591
"2015-01-18 14:00:00",0.0599689793927389
"2015-01-18 16:00:00",3.57334563012975
"2015-01-18 18:00:00",14.2080757003909
"2015-01-18 20:00:00",18.1602831250767
"2015-01-18 22:00:00",15.1002427121911
"2015-01-19 00:00:00",17.5083902440611
"2015-01-19 02:00:00",12.9510114005728
"2015-01-19 04:00:00",14.1377018399733
"2015-01-19 06:00:00",13.9510221734097
"2015-01-19 08:00:00",14.1191264823548
"2015-01-19 10:00:00",17.0461337977694
"2015-01-19 12:00:00",11.1050338268133
"2015-01-19 14:00:00",2.17643406102657
"2015-01-19 16:00:00",1.01187616583954
"2015-01-19 18:00:00",0.939120000762023
"2015-01-19 20:00:00",8.293956470738
"2015-01-19 22:00:00",12.9530750742007
"2015-01-20 00:00:00",16.716844152538
"2015-01-20 02:00:00",1.68617567556128
"2015-01-20 04:00:00",8.34235749596985
"2015-01-20 06:00:00",4.52293100257896
"2015-01-20 08:00:00",0.155419326828435
"2015-01-20 10:00:00",0.009793012305926
"2015-01-20 12:00:00",0.0193808054905311
"2015-01-20 14:00:00",0.0388814576774484
"2015-01-20 16:00:00",0.110581078467268
"2015-01-20 18:00:00",11.5314416256078
"2015-01-20 20:00:00",12.0950464782403
"2015-01-20 22:00:00",21.4505439853299
"2015-01-21 00:00:00",14.9992325157481
"2015-01-21 02:00:00",14.313550049097
"2015-01-21 04:00:00",14.4939483905135
"2015-01-21 06:00:00",11.9963738811845
"2015-01-21 08:00:00",6.35853699381128
"2015-01-21 10:00:00",0.248476402923631
"2015-01-21 12:00:00",0.0855095084521956
"2015-01-21 14:00:00",0.0424820269314408
"2015-01-21 16:00:00",0.100221530096038
"2015-01-21 18:00:00",2.14700283604877
"2015-01-21 20:00:00",9.38981313693358
"2015-01-21 22:00:00",5.27036103705305
"2015-02-07 00:00:00",3.18014988252692
"2015-02-07 02:00:00",3.73612834592621
"2015-02-07 04:00:00",5.58813873345375
"2015-02-07 06:00:00",8.27702358655864
"2015-02-07 08:00:00",5.09831624603959
"2015-02-07 10:00:00",0.149764845976293
"2015-02-07 12:00:00",0.0487281498415203
"2015-02-07 14:00:00",0.0158883979528304
"2015-02-07 16:00:00",0.0142958800436038
"2015-02-07 18:00:00",0.822749705171866
"2015-02-07 20:00:00",9.74752222982617
"2015-02-07 22:00:00",4.62548028219815
"2015-02-08 00:00:00",1.15309165060886
"2015-02-08 02:00:00",5.2294723022104
"2015-02-08 04:00:00",0.443382200437677
"2015-02-08 06:00:00",0.0602044196026231
"2015-02-08 08:00:00",0.000708415951917111
"2015-02-08 10:00:00",0.00720358164690575
"2015-02-08 12:00:00",0.00106419370896768
"2015-02-08 14:00:00",0.00641390695608507
"2015-02-08 16:00:00",0.00384111116247437
"2015-02-08 18:00:00",0.0236715686741923
"2015-02-08 20:00:00",0.00441825360391194
"2015-02-08 22:00:00",0.0419706516703517
"2015-02-09 00:00:00",0.00240057243911586
"2015-02-09 02:00:00",0.00355017317011209
"2015-02-09 04:00:00",0.00268645536423832
"2015-02-09 06:00:00",0.00358261364828843
"2015-02-09 08:00:00",0.00238578764332068
"2015-02-09 10:00:00",0.141085528754894
"2015-02-09 12:00:00",0.00191354679932402
"2015-02-09 14:00:00",0.00540961450911666
"2015-02-09 16:00:00",0.00441698869911925
"2015-02-09 18:00:00",0.011718820937374
"2015-02-09 20:00:00",0.00141779098849787
"2015-02-09 22:00:00",0.271115391986644
"2015-02-10 00:00:00",1.30165783601978
"2015-02-10 02:00:00",0.0646365137212648
"2015-02-10 04:00:00",0.00602483959199345
"2015-02-10 06:00:00",0.00224171265094563
"2015-02-10 08:00:00",0.0123937939388197
"2015-02-10 10:00:00",0.00040409803643604
"2015-02-10 12:00:00",0.00181272859800994
"2015-02-10 14:00:00",0.0211759586224926
"2015-02-10 16:00:00",0.00417998867748046
"2015-02-10 18:00:00",0.0108219064824967
"2015-02-10 20:00:00",0.00755552941372198
"2015-02-10 22:00:00",0.000983951234357372
"2015-02-27 00:00:00",0
"2015-02-27 02:00:00",0
"2015-02-27 04:00:00",0
"2015-02-27 06:00:00",0
"2015-02-27 08:00:00",0
"2015-02-27 10:00:00",0
"2015-02-27 12:00:00",0
"2015-02-27 14:00:00",0
"2015-02-27 16:00:00",0
"2015-02-27 18:00:00",0
"2015-02-27 20:00:00",0
"2015-02-27 22:00:00",0
"2015-02-28 00:00:00",0
"2015-02-28 02:00:00",0
"2015-02-28 04:00:00",0
"2015-02-28 06:00:00",0
"2015-02-28 08:00:00",0
"2015-02-28 10:00:00",0
"2015-02-28 12:00:00",0
"2015-02-28 14:00:00",0
"2015-02-28 16:00:00",0
"2015-02-28 18:00:00",0
"2015-02-28 20:00:00",0
"2015-02-28 22:00:00",0
"2015-03-01 00:00:00",0
"2015-03-01 02:00:00",0
"2015-03-01 04:00:00",0
"2015-03-01 06:00:00",0
"2015-03-01 08:00:00",0
"2015-03-01 10:00:00",0
"2015-03-01 12:00:00",0
"2015-03-01 14:00:00",0
"2015-03-01 16:00:00",0
"2015-03-01 18:00:00",0
"2015-03-01 20:00:00",0
"2015-03-01 22:00:00",0
"2015-03-02 00:00:00",0
"2015-03-02 02:00:00",0
"2015-03-02 04:00:00",0
"2015-03-02 06:00:00",0
"2015-03-02 08:00:00",0
"2015-03-02 10:00:00",0
"2015-03-02 12:00:00",0
"2015-03-02 14:00:00",0
"2015-03-02 16:00:00",0
"2015-03-02 18:00:00",0
"2015-03-02 20:00:00",0
"2015-03-02 22:00:00",0
"2015-03-19 00:00:00",11.2546907973736
"2015-03-19 02:00:00",10.9659902452791
"2015-03-19 04:00:00",9.53555258727831
"2015-03-19 06:00:00",11.0758566536247
"2015-03-19 08:00:00",8.43085933358879
"2015-03-19 10:00:00",4.66631777858368
"2015-03-19 12:00:00",2.63263937322967
"2015-03-19 14:00:00",6.38763634435695
"2015-03-19 16:00:00",2.4067761569092
"2015-03-19 18:00:00",9.20210609760592
"2015-03-19 20:00:00",11.4628209626769
"2015-03-19 22:00:00",6.61732435135235
"2015-03-20 00:00:00",5.68829272034424
"2015-03-20 02:00:00",8.19241974590475
"2015-03-20 04:00:00",5.36298210424353
"2015-03-20 06:00:00",5.17857766209039
"2015-03-20 08:00:00",3.7562805679168
"2015-03-20 10:00:00",2.78763562807598
"2015-03-20 12:00:00",4.55052533301616
"2015-03-20 14:00:00",4.45233510721498
"2015-03-20 16:00:00",1.08131392975694
"2015-03-20 18:00:00",1.29153437109723
"2015-03-20 20:00:00",2.90994082630344
"2015-03-20 22:00:00",7.25767765916747
"2015-03-21 00:00:00",5.22663362650273
"2015-03-21 02:00:00",6.22073907263426
"2015-03-21 04:00:00",3.27097790865335
"2015-03-21 06:00:00",5.70483820524144
"2015-03-21 08:00:00",8.03849072211004
"2015-03-21 10:00:00",7.06654724545013
"2015-03-21 12:00:00",2.06924205192232
"2015-03-21 14:00:00",2.8350146423651
"2015-03-21 16:00:00",1.80470136237539
"2015-03-21 18:00:00",0.805664013677682
"2015-03-21 20:00:00",3.19052703804203
"2015-03-21 22:00:00",3.28481252280354
"2015-03-22 00:00:00",2.77580471147334
"2015-03-22 02:00:00",3.37780378625633
"2015-03-22 04:00:00",3.50030373199263
"2015-03-22 06:00:00",2.93256954552605
"2015-03-22 08:00:00",0.157258564920788
"2015-03-22 10:00:00",0.145196949994051
"2015-03-22 12:00:00",0.66694336186101
"2015-03-22 14:00:00",0.460026999635865
"2015-03-22 16:00:00",5.37121077310843
"2015-03-22 18:00:00",1.89322358783432
"2015-03-22 20:00:00",2.34059450079256
"2015-03-22 22:00:00",3.07626090365366
"2015-08-06 00:00:00",0.00110943001092765
"2015-08-06 02:00:00",0.0201976095166742
"2015-08-06 04:00:00",0.00103770327134834
"2015-08-06 06:00:00",0.00232471262533425
"2015-08-06 08:00:00",0.00713487541928879
"2015-08-06 10:00:00",0.00180781368102721
"2015-08-06 12:00:00",0.00148750281847625
"2015-08-06 14:00:00",0.00104838648396768
"2015-08-06 16:00:00",0.00341398972466055
"2015-08-06 18:00:00",0.000714638844537758
"2015-08-06 20:00:00",1.71585172104426
"2015-08-06 22:00:00",0.239956268883176
"2015-08-07 00:00:00",0.0339243583563839
"2015-08-07 02:00:00",0.00349713059710379
"2015-08-07 04:00:00",0.000621506748617791
"2015-08-07 06:00:00",0.0454640874876139
"2015-08-07 08:00:00",0.0441900601265265
"2015-08-07 10:00:00",0.0289184712901913
"2015-08-07 12:00:00",1.79473609251146
"2015-08-07 14:00:00",0.541658017607093
"2015-08-07 16:00:00",0.286377316992893
"2015-08-07 18:00:00",0.00136478069034794
"2015-08-07 20:00:00",0.00201235414171157
"2015-08-07 22:00:00",0.00439871456829174
"2015-08-08 00:00:00",0.00112654868789161
"2015-08-08 02:00:00",0.00297580066002351
"2015-08-08 04:00:00",0.428252024919293
"2015-08-08 06:00:00",0.00230177723885154
"2015-08-08 08:00:00",0.00304320768170925
"2015-08-08 10:00:00",0.000848148231251885
"2015-08-08 12:00:00",0.00153762048307874
"2015-08-08 14:00:00",0.000641969140798551
"2015-08-08 16:00:00",0.0185450697772538
"2015-08-08 18:00:00",0.00338993709555186
"2015-08-08 20:00:00",0.000631482965063273
"2015-08-08 22:00:00",0.00787119614628448
"2015-08-09 00:00:00",0.00147326818863825
"2015-08-09 02:00:00",0.00212957383438256
"2015-08-09 04:00:00",0.00113231249590394
"2015-08-09 06:00:00",0.0111989912702639
"2015-08-09 08:00:00",0.000357472533077476
"2015-08-09 10:00:00",0.00331102923206299
"2015-08-09 12:00:00",0.053439673145778
"2015-08-09 14:00:00",0.0062545285299855
"2015-08-09 16:00:00",0.005290820055307
"2015-08-09 18:00:00",0.0245303280181257
"2015-08-09 20:00:00",0.0395225358140962
"2015-08-09 22:00:00",0.00112807444635264
"2015-08-26 00:00:00",0
"2015-08-26 02:00:00",0
"2015-08-26 04:00:00",0
"2015-08-26 06:00:00",0
"2015-08-26 08:00:00",0
"2015-08-26 10:00:00",0
"2015-08-26 12:00:00",0
"2015-08-26 14:00:00",0
"2015-08-26 16:00:00",0
"2015-08-26 18:00:00",0
"2015-08-26 20:00:00",0
"2015-08-26 22:00:00",0
"2015-08-27 00:00:00",0
"2015-08-27 02:00:00",0
"2015-08-27 04:00:00",0
"2015-08-27 06:00:00",0
"2015-08-27 08:00:00",0
"2015-08-27 10:00:00",0
"2015-08-27 12:00:00",0
"2015-08-27 14:00:00",0
"2015-08-27 16:00:00",0
"2015-08-27 18:00:00",0
"2015-08-27 20:00:00",0
"2015-08-27 22:00:00",0
"2015-08-28 00:00:00",0
"2015-08-28 02:00:00",0
"2015-08-28 04:00:00",0
"2015-08-28 06:00:00",0
"2015-08-28 08:00:00",0
"2015-08-28 10:00:00",0
"2015-08-28 12:00:00",0
"2015-08-28 14:00:00",0
"2015-08-28 16:00:00",0
"2015-08-28 18:00:00",0
"2015-08-28 20:00:00",0
"2015-08-28 22:00:00",0
"2015-08-29 00:00:00",0
"2015-08-29 02:00:00",0
"2015-08-29 04:00:00",0
"2015-08-29 06:00:00",0
"2015-08-29 08:00:00",0
"2015-08-29 10:00:00",0
"2015-08-29 12:00:00",0
"2015-08-29 14:00:00",0
"2015-08-29 16:00:00",0
"2015-08-29 18:00:00",0
"2015-08-29 20:00:00",0
"2015-08-29 22:00:00",0
"2015-09-15 00:00:00",8.81352923570706
"2015-09-15 02:00:00",11.9921052022759
"2015-09-15 04:00:00",8.94789695078847
"2015-09-15 06:00:00",9.74011136235756
"2015-09-15 08:00:00",9.84050789642446
"2015-09-15 10:00:00",4.24939941420751
"2015-09-15 12:00:00",1.26253257317608
"2015-09-15 14:00:00",0.55347950380011
"2015-09-15 16:00:00",0.10977144151457
"2015-09-15 18:00:00",1.92955929696123
"2015-09-15 20:00:00",8.21741833573525
"2015-09-15 22:00:00",9.49717694629563
"2015-09-16 00:00:00",9.39834519673484
"2015-09-16 02:00:00",11.8606498532699
"2015-09-16 04:00:00",11.9853408322586
"2015-09-16 06:00:00",10.8321615029435
"2015-09-16 08:00:00",9.63173601802109
"2015-09-16 10:00:00",7.4307317805487
"2015-09-16 12:00:00",6.35829388663884
"2015-09-16 14:00:00",3.99734639783789
"2015-09-16 16:00:00",2.8111068615756
"2015-09-16 18:00:00",5.24528888157038
"2015-09-16 20:00:00",8.95364985756651
"2015-09-16 22:00:00",8.81864254872179
"2015-09-17 00:00:00",11.0033056931234
"2015-09-17 02:00:00",9.89477259779539
"2015-09-17 04:00:00",9.86762508498284
"2015-09-17 06:00:00",10.0429505166431
"2015-09-17 08:00:00",6.5167569196227
"2015-09-17 10:00:00",3.83191073999588
"2015-09-17 12:00:00",0.513790693035357
"2015-09-17 14:00:00",0.578952589990381
"2015-09-17 16:00:00",2.10564424802653
"2015-09-17 18:00:00",4.95875066048336
"2015-09-17 20:00:00",9.84880527714729
"2015-09-17 22:00:00",10.1544354920388
"2015-09-18 00:00:00",10.9862979996357
"2015-09-18 02:00:00",8.36804457667976
"2015-09-18 04:00:00",7.3387152000697
"2015-09-18 06:00:00",10.5724555407507
"2015-09-18 08:00:00",12.4360961599506
"2015-09-18 10:00:00",6.24189752256721
"2015-09-18 12:00:00",2.15454971154212
"2015-09-18 14:00:00",2.81355627845869
"2015-09-18 16:00:00",2.44122409428139
"2015-09-18 18:00:00",1.62455928175179
"2015-09-18 20:00:00",1.0481900165363
"2015-09-18 22:00:00",0.609137173664111
"2015-10-05 00:00:00",0.000696561371206808
"2015-10-05 02:00:00",0.000644045257673637
"2015-10-05 04:00:00",0.00484922075541478
"2015-10-05 06:00:00",0.00174375719627436
"2015-10-05 08:00:00",0.00702974533281183
"2015-10-05 10:00:00",0.00516912900358271
"2015-10-05 12:00:00",0.00367516589139102
"2015-10-05 14:00:00",0.00162687912264539
"2015-10-05 16:00:00",0.0319216683223182
"2015-10-05 18:00:00",0.00128419259475503
"2015-10-05 20:00:00",0.00070133076513135
"2015-10-05 22:00:00",0.00100606215051372
"2015-10-06 00:00:00",0.000844259468895546
"2015-10-06 02:00:00",0.00114280534783436
"2015-10-06 04:00:00",0.000808294609348001
"2015-10-06 06:00:00",0.000502216556689953
"2015-10-06 08:00:00",0.000650020900144963
"2015-10-06 10:00:00",0.000672857076137777
"2015-10-06 12:00:00",0.00114015595071125
"2015-10-06 14:00:00",0.000575987359250227
"2015-10-06 16:00:00",0.000595710702110818
"2015-10-06 18:00:00",0.000881844709027724
"2015-10-06 20:00:00",0.0106115133892024
"2015-10-06 22:00:00",0.000767039099057577
"2015-10-07 00:00:00",0.000575661505027005
"2015-10-07 02:00:00",0.000963655515779126
"2015-10-07 04:00:00",0.000352984178568416
"2015-10-07 06:00:00",0.00107717577295913
"2015-10-07 08:00:00",0.00074253038434729
"2015-10-07 10:00:00",0.00104029871037418
"2015-10-07 12:00:00",0.00160779870262669
"2015-10-07 14:00:00",0.00283522745694836
"2015-10-07 16:00:00",0.0109054598491625
"2015-10-07 18:00:00",1.18041204991929
"2015-10-07 20:00:00",0.897049184203287
"2015-10-07 22:00:00",4.13964483697916
"2015-10-08 00:00:00",3.94171622685527
"2015-10-08 02:00:00",4.88631905990356
"2015-10-08 04:00:00",7.03952027743029
"2015-10-08 06:00:00",10.4275389190058
"2015-10-08 08:00:00",10.0892734346079
"2015-10-08 10:00:00",5.12530984394221
"2015-10-08 12:00:00",1.20858631720051
"2015-10-08 14:00:00",0.897239268698655
"2015-10-08 16:00:00",0.0116830197102524
"2015-10-08 18:00:00",0.0210886864107272
"2015-10-08 20:00:00",0.93746911640614
"2015-10-08 22:00:00",0.585760673869017
"2015-10-25 00:00:00",0
"2015-10-25 02:00:00",0
"2015-10-25 04:00:00",0
"2015-10-25 06:00:00",0
"2015-10-25 08:00:00",0
"2015-10-25 10:00:00",0
"2015-10-25 12:00:00",0
"2015-10-25 14:00:00",0
"2015-10-25 16:00:00",0
"2015-10-25 18:00:00",0
"2015-10-25 20:00:00",0
"2015-10-25 22:00:00",0
"2015-10-26 00:00:00",0
"2015-10-26 02:00:00",0
"2015-10-26 04:00:00",0
"2015-10-26 06:00:00",0
"2015-10-26 08:00:00",0
"2015-10-26 10:00:00",0
"2015-10-26 12:00:00",0
"2015-10-26 14:00:00",0
"2015-10-26 16:00:00",0
"2015-10-26 18:00:00",0
"2015-10-26 20:00:00",0
"2015-10-26 22:00:00",0
"2015-10-27 00:00:00",0
"2015-10-27 02:00:00",0
"2015-10-27 04:00:00",0
"2015-10-27 06:00:00",0
"2015-10-27 08:00:00",0
"2015-10-27 10:00:00",0
"2015-10-27 12:00:00",0
"2015-10-27 14:00:00",0
"2015-10-27 16:00:00",0
"2015-10-27 18:00:00",0
"2015-10-27 20:00:00",0
"2015-10-27 22:00:00",0
"2015-10-28 00:00:00",0
"2015-10-28 02:00:00",0
"2015-10-28 04:00:00",0
"2015-10-28 06:00:00",0
"2015-10-28 08:00:00",0
"2015-10-28 10:00:00",0
"2015-10-28 12:00:00",0
"2015-10-28 14:00:00",0
"2015-10-28 16:00:00",0
"2015-10-28 18:00:00",0
"2015-10-28 20:00:00",0
"2015-10-28 22:00:00",0
"2015-11-14 00:00:00",0.000739036158886057
"2015-11-14 02:00:00",0.000699177568384714
"2015-11-14 04:00:00",0.000748326385552723
"2015-11-14 06:00:00",0.0274712299724863
"2015-11-14 08:00:00",0.00117629518134782
"2015-11-14 10:00:00",0.000677613842269493
"2015-11-14 12:00:00",0.000944935974543172
"2015-11-14 14:00:00",0.00157167729884829
"2015-11-14 16:00:00",0.000392675959603027
"2015-11-14 18:00:00",0.000406916964104021
"2015-11-14 20:00:00",0.00034877741526073
"2015-11-14 22:00:00",0.00243530128067961
"2015-11-15 00:00:00",0.00157176402994899
"2015-11-15 02:00:00",0.000797063741177991
"2015-11-15 04:00:00",0.00102651452956638
"2015-11-15 06:00:00",0.000497772230368745
"2015-11-15 08:00:00",0.000422157833836024
"2015-11-15 10:00:00",0.00176259453613159
"2015-11-15 12:00:00",0.000841826244276519
"2015-11-15 14:00:00",0.000849761815953959
"2015-11-15 16:00:00",0.000513815054379483
"2015-11-15 18:00:00",0.000352818988200092
"2015-11-15 20:00:00",0.00152017124797757
"2015-11-15 22:00:00",0.000610111720302955
"2015-11-16 00:00:00",0.00137449078397441
"2015-11-16 02:00:00",0.000958846460825956
"2015-11-16 04:00:00",0.0325118639468482
"2015-11-16 06:00:00",0.0156945052674586
"2015-11-16 08:00:00",0.00159544342356236
"2015-11-16 10:00:00",0.00323907592838939
"2015-11-16 12:00:00",0.0105720353657979
"2015-11-16 14:00:00",0.00155562645492258
"2015-11-16 16:00:00",0.00212509472421658
"2015-11-16 18:00:00",0.000783665538276135
"2015-11-16 20:00:00",0.054404273630205
"2015-11-16 22:00:00",4.44558169257958
"2015-11-17 00:00:00",3.33156311076556
"2015-11-17 02:00:00",1.8207571514837
"2015-11-17 04:00:00",3.72696601085515
"2015-11-17 06:00:00",2.86309252979132
"2015-11-17 08:00:00",0.0356613598800942
"2015-11-17 10:00:00",0.000499439707563296
"2015-11-17 12:00:00",0.000405260080577789
"2015-11-17 14:00:00",0.000973241047867866
"2015-11-17 16:00:00",0.0625754975235178
"2015-11-17 18:00:00",0.00934316659853352
"2015-11-17 20:00:00",0.000988805532663714
"2015-11-17 22:00:00",0.000695796303286919
"2015-12-04 00:00:00",0.00236836708874825
"2015-12-04 02:00:00",0.00591524933491698
"2015-12-04 04:00:00",0.00820416147921602
"2015-12-04 06:00:00",0.012579043962327
"2015-12-04 08:00:00",0.00494722712256095
"2015-12-04 10:00:00",0.0104680982545697
"2015-12-04 12:00:00",0.00114792455694593
"2015-12-04 14:00:00",0.00170042599940287
"2015-12-04 16:00:00",0.000613330439563189
"2015-12-04 18:00:00",0.00084612739833993
"2015-12-04 20:00:00",0.0131029560182782
"2015-12-04 22:00:00",0.00125375993503802
"2015-12-05 00:00:00",0.0015183750436742
"2015-12-05 02:00:00",0.011311655295678
"2015-12-05 04:00:00",0.00150369910827149
"2015-12-05 06:00:00",0.00110896500717244
"2015-12-05 08:00:00",0.000331419126089356
"2015-12-05 10:00:00",0.00287854378217238
"2015-12-05 12:00:00",0.00396144728153311
"2015-12-05 14:00:00",0.00170822947677732
"2015-12-05 16:00:00",0.000892484646032246
"2015-12-05 18:00:00",0.000726747639153798
"2015-12-05 20:00:00",0.000351869636335052
"2015-12-05 22:00:00",0.000490416730518678
"2015-12-06 00:00:00",0.000550797927597769
"2015-12-06 02:00:00",0.000724949574787788
"2015-12-06 04:00:00",0.00242988069336578
"2015-12-06 06:00:00",0.00554781153035054
"2015-12-06 08:00:00",0.00541858195974863
"2015-12-06 10:00:00",0.00313959925470432
"2015-12-06 12:00:00",0.00218648970035437
"2015-12-06 14:00:00",0.00053417637099653
"2015-12-06 16:00:00",0.00365850259931383
"2015-12-06 18:00:00",0.00514164723362256
"2015-12-06 20:00:00",0.000841647586005506
"2015-12-06 22:00:00",0.00105319763052663
"2015-12-07 00:00:00",0.000614771581137775
"2015-12-07 02:00:00",0.00863495209935538
"2015-12-07 04:00:00",0.000520804530378621
"2015-12-07 06:00:00",0.00033404980687197
"2015-12-07 08:00:00",0.00345302715696235
"2015-12-07 10:00:00",0.00697077544999602
"2015-12-07 12:00:00",0.00826372393631362
"2015-12-07 14:00:00",0.00669624768072279
"2015-12-07 16:00:00",0.00144370008240867
"2015-12-07 18:00:00",0.000322725144588077
"2015-12-07 20:00:00",0.00342479609872193
"2015-12-07 22:00:00",0.00445704630536682
"2015-12-23 00:00:00",0.0497918536896205
"2015-12-23 02:00:00",0.000976362190434565
"2015-12-23 04:00:00",0.00502320726769665
"2015-12-23 06:00:00",0.0167111029023792
"2015-12-23 08:00:00",0.00959134474183288
"2015-12-23 10:00:00",0.0056943471699874
"2015-12-23 12:00:00",0.0026549813270405
"2015-12-23 14:00:00",0.085900187368489
"2015-12-23 16:00:00",0.00174300246480344
"2015-12-23 18:00:00",0.00417430096481078
"2015-12-23 20:00:00",0.00173610986560577
"2015-12-23 22:00:00",0.00147381871408744
"2015-12-24 00:00:00",0.0163194453464965
"2015-12-24 02:00:00",0.00473877164689033
"2015-12-24 04:00:00",0.0458705051222314
"2015-12-24 06:00:00",0.000505835763236697
"2015-12-24 08:00:00",0.00304422850239874
"2015-12-24 10:00:00",0.000719943927975898
"2015-12-24 12:00:00",0.00039254968593239
"2015-12-24 14:00:00",0.000685068993528176
"2015-12-24 16:00:00",0.00260873391424086
"2015-12-24 18:00:00",0.00309939272678801
"2015-12-24 20:00:00",0.000474873702690185
"2015-12-24 22:00:00",0.00191782704752927
"2015-12-25 00:00:00",0.000761859001619765
"2015-12-25 02:00:00",0.00561045965324378
"2015-12-25 04:00:00",0.00834907664247075
"2015-12-25 06:00:00",0.0188554640119117
"2015-12-25 08:00:00",0.0587718931021863
"2015-12-25 10:00:00",0.00295541044688318
"2015-12-25 12:00:00",0.00744691913048747
"2015-12-25 14:00:00",0.00109035626615378
"2015-12-25 16:00:00",0.00111889338629907
"2015-12-25 18:00:00",0.0136256312917262
"2015-12-25 20:00:00",0.0366448033317344
"2015-12-25 22:00:00",0.00294928886148145
"2015-12-26 00:00:00",0.0104920079267116
"2015-12-26 02:00:00",0.0129016365933713
"2015-12-26 04:00:00",0.00451131142883729
"2015-12-26 06:00:00",0.0589557362926982
"2015-12-26 08:00:00",0.000547088594691234
"2015-12-26 10:00:00",0.00038287778493063
"2015-12-26 12:00:00",0.00195499857677334
"2015-12-26 14:00:00",0.00033083476068091
"2015-12-26 16:00:00",0.00167568064552888
"2015-12-26 18:00:00",0.000352203984131428
"2015-12-26 20:00:00",0.000352527677520199
"2015-12-26 22:00:00",0.000352672558954895
"2015-12-27 00:00:00",0.00314640459243424
"2015-12-27 02:00:00",0.00316573306517948
"2015-12-27 04:00:00",0.0387435873127443
"2015-12-27 06:00:00",0.000366824005676868
"2015-12-27 08:00:00",0.00243696367881181
"2015-12-27 10:00:00",0.0546083076407834
"2015-12-27 12:00:00",0.00291340598482384
"2015-12-27 14:00:00",0.000338676965308991
"2015-12-27 16:00:00",0.0219844078143276
"2015-12-27 18:00:00",0.00133965347884632
"2015-12-27 20:00:00",0.00866955522286348
"2015-12-27 22:00:00",0.00199198423752404
"2015-12-28 00:00:00",0.00770733598636137
"2015-12-28 02:00:00",0.0171407067086756
"2015-12-28 04:00:00",0.00462369369708665
"2015-12-28 06:00:00",0.000794059309523425
"2015-12-28 08:00:00",0.0549853975662395
"2015-12-28 10:00:00",0.00479834684953896
"2015-12-28 12:00:00",0.00140698220751254
"2015-12-28 14:00:00",0.000819854662205952
"2015-12-28 16:00:00",0.00168772551198232
"2015-12-28 18:00:00",0.00163807464891288
"2015-12-28 20:00:00",0.000993535285200127
"2015-12-28 22:00:00",0.000799119152788675
"2015-12-29 00:00:00",0.000579456201052651
"2015-12-29 02:00:00",0.000641630067161119
"2015-12-29 04:00:00",0.00230810588774231
"2015-12-29 06:00:00",0.000941958308554199
"2015-12-29 08:00:00",0.00104289871216667
"2015-12-29 10:00:00",0.00920836765039897
"2015-12-29 12:00:00",0.0123691126426487
"2015-12-29 14:00:00",0.00246209435448399
"2015-12-29 16:00:00",0.00322374971186623
"2015-12-29 18:00:00",0.00121400205216104
"2015-12-29 20:00:00",0.00468652138722886
"2015-12-29 22:00:00",0.00067012476844792
"2015-12-30 00:00:00",0.00284994225761017
"2015-12-30 02:00:00",0.00111450796252471
"2015-12-30 04:00:00",0.0111359248529883
"2015-12-30 06:00:00",0.00307046948107997
"2015-12-30 08:00:00",0.000787709866989065
"2015-12-30 10:00:00",0.00129520720126806
"2015-12-30 12:00:00",0.00172362296946637
"2015-12-30 14:00:00",0.000602079706607542
"2015-12-30 16:00:00",0.000546090883836056
"2015-12-30 18:00:00",0.00104278660454096
"2015-12-30 20:00:00",0.000438963791230473
"2015-12-30 22:00:00",0.000740331352645203
"2015-12-31 00:00:00",0.000841251230924295
"2015-12-31 02:00:00",0.000500397203377845
"2015-12-31 04:00:00",0.000375680080349777
"2015-12-31 06:00:00",0.000333477739861897
"2015-12-31 08:00:00",0.000354985018367202
"2015-12-31 10:00:00",0.000336853235307616
"2015-12-31 12:00:00",0.00284171786934542
"2015-12-31 14:00:00",0.000339102613004002
"2015-12-31 16:00:00",0.000345720339616323
"2015-12-31 18:00:00",0.00457478061469891
"2015-12-31 20:00:00",0.00102261231498677
"2015-12-31 22:00:00",0.00102261231498677
"2016-01-01 00:00:00",0.00102261231498677
"2016-01-01 02:00:00",0.00102261231498677
"2016-01-01 04:00:00",0.000735287775981779
"2016-01-01 06:00:00",0.000622035717711338
"2016-01-01 08:00:00",0.000330301637153831
"2016-01-01 10:00:00",0.000583875123314475
"2016-01-01 12:00:00",0.00176069374487667
"2016-01-01 14:00:00",0.000424811184686655
"2016-01-01 16:00:00",0.000347933358071773
"2016-01-01 18:00:00",0.000964431277476996
"2016-01-01 20:00:00",0.000677897000319176
"2016-01-01 22:00:00",0.000673889850950424
"2016-01-02 00:00:00",0.000657524409401228
"2016-01-02 02:00:00",0.000562291353035314
"2016-01-02 04:00:00",0.000448633813359966
"2016-01-02 06:00:00",0.000479384523590592
"2016-01-02 08:00:00",0.000588956258757635
"2016-01-02 10:00:00",0.000684083406143524
"2016-01-02 12:00:00",0.00802691819279801
"2016-01-02 14:00:00",0.000451267113347083
"2016-01-02 16:00:00",0.000351916731511131
"2016-01-02 18:00:00",0.000346817875615549
"2016-01-02 20:00:00",0.00105672126778352
"2016-01-02 22:00:00",0.000927869868939858
"2016-01-03 00:00:00",0.000451734757792452
"2016-01-03 02:00:00",0.000479000100829997
"2016-01-03 04:00:00",0.000677160139596897
"2016-01-03 06:00:00",0.000436542894060923
"2016-01-03 08:00:00",0.00103129195075962
"2016-01-03 10:00:00",0.000367973441557964
"2016-01-03 12:00:00",0.000436529982169673
"2016-01-03 14:00:00",0.00165266230767119
"2016-01-03 16:00:00",0.000896131818197079
"2016-01-03 18:00:00",0.00788820655050628
"2016-01-03 20:00:00",0.000825974665116361
"2016-01-03 22:00:00",0.000953228080378374
"2016-01-04 00:00:00",0.130921849309175
"2016-01-04 02:00:00",3.52480440170025
"2016-01-04 04:00:00",3.73239306460238
"2016-01-04 06:00:00",5.65879744570042
"2016-01-04 08:00:00",2.91361008173132
"2016-01-04 10:00:00",1.12676021045766
