,yield
2013-11-24 00:00:00,0
2013-11-24 02:00:00,0
2013-11-24 04:00:00,0
2013-11-24 06:00:00,0
2013-11-24 08:00:00,0
2013-11-24 10:00:00,0
2013-11-24 12:00:00,0
2013-11-24 14:00:00,0
2013-11-24 16:00:00,0
2013-11-24 18:00:00,0
2013-11-24 20:00:00,0
2013-11-24 22:00:00,0
2013-11-25 00:00:00,0
2013-11-25 02:00:00,0
2013-11-25 04:00:00,0
2013-11-25 06:00:00,0
2013-11-25 08:00:00,0
2013-11-25 10:00:00,0
2013-11-25 12:00:00,0
2013-11-25 14:00:00,0
2013-11-25 16:00:00,0
2013-11-25 18:00:00,0
2013-11-25 20:00:00,0
2013-11-25 22:00:00,0
2013-11-26 00:00:00,0
2013-11-26 02:00:00,0
2013-11-26 04:00:00,0
2013-11-26 06:00:00,0
2013-11-26 08:00:00,0
2013-11-26 10:00:00,0
2013-11-26 12:00:00,0
2013-11-26 14:00:00,0
2013-11-26 16:00:00,0
2013-11-26 18:00:00,0
2013-11-26 20:00:00,0
2013-11-26 22:00:00,0
2013-11-27 00:00:00,0
2013-11-27 02:00:00,0
2013-11-27 04:00:00,0
2013-11-27 06:00:00,0
2013-11-27 08:00:00,0
2013-11-27 10:00:00,0
2013-11-27 12:00:00,0
2013-11-27 14:00:00,0
2013-11-27 16:00:00,0
2013-11-27 18:00:00,0
2013-11-27 20:00:00,0
2013-11-27 22:00:00,0
2013-12-14 00:00:00,0.146774661
2013-12-14 02:00:00,0.157568203
2013-12-14 04:00:00,0.157499552
2013-12-14 06:00:00,0.158288704
2013-12-14 08:00:00,0.173532769
2013-12-14 10:00:00,0.176650372
2013-12-14 12:00:00,0.161354947
2013-12-14 14:00:00,0.182763239
2013-12-14 16:00:00,0.165393064
2013-12-14 18:00:00,0.18204425
2013-12-14 20:00:00,0.144487119
2013-12-14 22:00:00,0.134341995
2013-12-15 00:00:00,0.130083975
2013-12-15 02:00:00,0.604496254
2013-12-15 04:00:00,0.15038794
2013-12-15 06:00:00,0.129487194
2013-12-15 08:00:00,0.12545721
2013-12-15 10:00:00,0.131302522
2013-12-15 12:00:00,0.147995748
2013-12-15 14:00:00,0.155613705
2013-12-15 16:00:00,0.163222218
2013-12-15 18:00:00,0.160352205
2013-12-15 20:00:00,0.164977639
2013-12-15 22:00:00,0.149864328
2013-12-16 00:00:00,0.144819436
2013-12-16 02:00:00,0.230035961
2013-12-16 04:00:00,1.186159851
2013-12-16 06:00:00,1.421204561
2013-12-16 08:00:00,0.210097688
2013-12-16 10:00:00,6.13416563
2013-12-16 12:00:00,8.485570224
2013-12-16 14:00:00,7.547443195
2013-12-16 16:00:00,6.882907565
2013-12-16 18:00:00,1.721635648
2013-12-16 20:00:00,1.34676839
2013-12-16 22:00:00,0.475333467
2013-12-17 00:00:00,0.533494351
2013-12-17 02:00:00,0.22365595
2013-12-17 04:00:00,0.189578611
2013-12-17 06:00:00,0.225456392
2013-12-17 08:00:00,0.116260537
2013-12-17 10:00:00,0.167638336
2013-12-17 12:00:00,0.166289195
2013-12-17 14:00:00,0.162788537
2013-12-17 16:00:00,0.120941406
2013-12-17 18:00:00,0.205843058
2013-12-17 20:00:00,0.253362882
2013-12-17 22:00:00,0.577729147
2014-01-03 00:00:00,0.14496809
2014-01-03 02:00:00,0.143582544
2014-01-03 04:00:00,0.146620014
2014-01-03 06:00:00,0.143532486
2014-01-03 08:00:00,0.142352235
2014-01-03 10:00:00,0.143441032
2014-01-03 12:00:00,0.13030289
2014-01-03 14:00:00,0.142073194
2014-01-03 16:00:00,0.142361177
2014-01-03 18:00:00,0.118318264
2014-01-03 20:00:00,0.130662125
2014-01-03 22:00:00,0.144307698
2014-01-04 00:00:00,0.168394455
2014-01-04 02:00:00,0.168399311
2014-01-04 04:00:00,0.163045786
2014-01-04 06:00:00,0.177931974
2014-01-04 08:00:00,0.169498645
2014-01-04 10:00:00,0.199870232
2014-01-04 12:00:00,0.18181441
2014-01-04 14:00:00,0.249704639
2014-01-04 16:00:00,2.902730254
2014-01-04 18:00:00,11.87667242
2014-01-04 20:00:00,3.328615372
2014-01-04 22:00:00,0.162182052
2014-01-05 00:00:00,0.176615136
2014-01-05 02:00:00,0.167547149
2014-01-05 04:00:00,0.160038809
2014-01-05 06:00:00,0.176138872
2014-01-05 08:00:00,0.155891509
2014-01-05 10:00:00,0.154426701
2014-01-05 12:00:00,0.146867926
2014-01-05 14:00:00,0.150304661
2014-01-05 16:00:00,0.158663661
2014-01-05 18:00:00,0.161752115
2014-01-05 20:00:00,0.178077132
2014-01-05 22:00:00,0.164425349
2014-01-06 00:00:00,0.162366915
2014-01-06 02:00:00,0.16320309
2014-01-06 04:00:00,0.160119242
2014-01-06 06:00:00,0.165841418
2014-01-06 08:00:00,0.15700753
2014-01-06 10:00:00,0.146837457
2014-01-06 12:00:00,0.145062044
2014-01-06 14:00:00,0.144686079
2014-01-06 16:00:00,0.145014604
2014-01-06 18:00:00,0.143548571
2014-01-06 20:00:00,0.143539119
2014-01-06 22:00:00,0.142491894
2014-01-23 00:00:00,0
2014-01-23 02:00:00,0
2014-01-23 04:00:00,0
2014-01-23 06:00:00,0
2014-01-23 08:00:00,0
2014-01-23 10:00:00,0
2014-01-23 12:00:00,0
2014-01-23 14:00:00,0
2014-01-23 16:00:00,0
2014-01-23 18:00:00,0
2014-01-23 20:00:00,0
2014-01-23 22:00:00,0
2014-01-24 00:00:00,0
2014-01-24 02:00:00,0
2014-01-24 04:00:00,0
2014-01-24 06:00:00,0
2014-01-24 08:00:00,0
2014-01-24 10:00:00,0
2014-01-24 12:00:00,0
2014-01-24 14:00:00,0
2014-01-24 16:00:00,0
2014-01-24 18:00:00,0
2014-01-24 20:00:00,0
2014-01-24 22:00:00,0
2014-01-25 00:00:00,0
2014-01-25 02:00:00,0
2014-01-25 04:00:00,0
2014-01-25 06:00:00,0
2014-01-25 08:00:00,0
2014-01-25 10:00:00,0
2014-01-25 12:00:00,0
2014-01-25 14:00:00,0
2014-01-25 16:00:00,0
2014-01-25 18:00:00,0
2014-01-25 20:00:00,0
2014-01-25 22:00:00,0
2014-01-26 00:00:00,0
2014-01-26 02:00:00,0
2014-01-26 04:00:00,0
2014-01-26 06:00:00,0
2014-01-26 08:00:00,0
2014-01-26 10:00:00,0
2014-01-26 12:00:00,0
2014-01-26 14:00:00,0
2014-01-26 16:00:00,0
2014-01-26 18:00:00,0
2014-01-26 20:00:00,0
2014-01-26 22:00:00,0
2014-02-12 00:00:00,0.15296604
2014-02-12 02:00:00,0.147594507
2014-02-12 04:00:00,0.139968023
2014-02-12 06:00:00,0.199089888
2014-02-12 08:00:00,0.206349929
2014-02-12 10:00:00,0.201852415
2014-02-12 12:00:00,0.190533211
2014-02-12 14:00:00,0.189717641
2014-02-12 16:00:00,0.210314432
2014-02-12 18:00:00,1.047128832
2014-02-12 20:00:00,0.711454037
2014-02-12 22:00:00,0.177602789
2014-02-13 00:00:00,0.152067586
2014-02-13 02:00:00,0.154588821
2014-02-13 04:00:00,0.157954416
2014-02-13 06:00:00,0.16339818
2014-02-13 08:00:00,0.166975664
2014-02-13 10:00:00,0.162658953
2014-02-13 12:00:00,0.156562909
2014-02-13 14:00:00,0.162942335
2014-02-13 16:00:00,0.157594828
2014-02-13 18:00:00,0.179712639
2014-02-13 20:00:00,0.174366283
2014-02-13 22:00:00,0.175124672
2014-02-14 00:00:00,0.167585381
2014-02-14 02:00:00,0.156459381
2014-02-14 04:00:00,0.173057797
2014-02-14 06:00:00,0.136580075
2014-02-14 08:00:00,0.137675757
2014-02-14 10:00:00,0.170841694
2014-02-14 12:00:00,0.13763956
2014-02-14 14:00:00,0.178878672
2014-02-14 16:00:00,0.157085633
2014-02-14 18:00:00,0.140064664
2014-02-14 20:00:00,0.122131392
2014-02-14 22:00:00,0.127654525
2014-02-15 00:00:00,0.142314426
2014-02-15 02:00:00,0.146546555
2014-02-15 04:00:00,0.142836102
2014-02-15 06:00:00,0.142403103
2014-02-15 08:00:00,0.153849487
2014-02-15 10:00:00,0.131106809
2014-02-15 12:00:00,0.162235913
2014-02-15 14:00:00,0.138342519
2014-02-15 16:00:00,4.84106153
2014-02-15 18:00:00,11.18788837
2014-02-15 20:00:00,12.54558242
2014-02-15 22:00:00,10.44236021
2014-03-04 00:00:00,1.073750444
2014-03-04 02:00:00,0.203086956
2014-03-04 04:00:00,0.195957441
2014-03-04 06:00:00,0.182073441
2014-03-04 08:00:00,0.190098472
2014-03-04 10:00:00,0.171279979
2014-03-04 12:00:00,0.159977418
2014-03-04 14:00:00,0.158317635
2014-03-04 16:00:00,0.147413294
2014-03-04 18:00:00,0.129788192
2014-03-04 20:00:00,0.145535294
2014-03-04 22:00:00,0.152270433
2014-03-05 00:00:00,0.160263168
2014-03-05 02:00:00,0.160323669
2014-03-05 04:00:00,0.147438525
2014-03-05 06:00:00,0.14678838
2014-03-05 08:00:00,0.16725867
2014-03-05 10:00:00,0.156958304
2014-03-05 12:00:00,0.150221841
2014-03-05 14:00:00,0.130661125
2014-03-05 16:00:00,0.11815295
2014-03-05 18:00:00,0.123315408
2014-03-05 20:00:00,0.160457448
2014-03-05 22:00:00,0.166638005
2014-03-06 00:00:00,0.16311282
2014-03-06 02:00:00,0.159584024
2014-03-06 04:00:00,0.150332268
2014-03-06 06:00:00,0.144948286
2014-03-06 08:00:00,0.146974919
2014-03-06 10:00:00,0.156666221
2014-03-06 12:00:00,0.158355763
2014-03-06 14:00:00,0.155286552
2014-03-06 16:00:00,0.145332144
2014-03-06 18:00:00,0.148539693
2014-03-06 20:00:00,0.177220913
2014-03-06 22:00:00,0.178608973
2014-03-07 00:00:00,0.1792762
2014-03-07 02:00:00,0.172269012
2014-03-07 04:00:00,0.182295707
2014-03-07 06:00:00,0.17947649
2014-03-07 08:00:00,0.193085871
2014-03-07 10:00:00,0.185550837
2014-03-07 12:00:00,0.179197717
2014-03-07 14:00:00,0.156230659
2014-03-07 16:00:00,0.163191686
2014-03-07 18:00:00,0.156929839
2014-03-07 20:00:00,0.17772163
2014-03-07 22:00:00,0.180287778
2014-03-24 00:00:00,0
2014-03-24 02:00:00,0
2014-03-24 04:00:00,0
2014-03-24 06:00:00,0
2014-03-24 08:00:00,0
2014-03-24 10:00:00,0
2014-03-24 12:00:00,0
2014-03-24 14:00:00,0
2014-03-24 16:00:00,0
2014-03-24 18:00:00,0
2014-03-24 20:00:00,0
2014-03-24 22:00:00,0
2014-03-25 00:00:00,0
2014-03-25 02:00:00,0
2014-03-25 04:00:00,0
2014-03-25 06:00:00,0
2014-03-25 08:00:00,0
2014-03-25 10:00:00,0
2014-03-25 12:00:00,0
2014-03-25 14:00:00,0
2014-03-25 16:00:00,0
2014-03-25 18:00:00,0
2014-03-25 20:00:00,0
2014-03-25 22:00:00,0
2014-03-26 00:00:00,0
2014-03-26 02:00:00,0
2014-03-26 04:00:00,0
2014-03-26 06:00:00,0
2014-03-26 08:00:00,0
2014-03-26 10:00:00,0
2014-03-26 12:00:00,0
2014-03-26 14:00:00,0
2014-03-26 16:00:00,0
2014-03-26 18:00:00,0
2014-03-26 20:00:00,0
2014-03-26 22:00:00,0
2014-03-27 00:00:00,0
2014-03-27 02:00:00,0
2014-03-27 04:00:00,0
2014-03-27 06:00:00,0
2014-03-27 08:00:00,0
2014-03-27 10:00:00,0
2014-03-27 12:00:00,0
2014-03-27 14:00:00,0
2014-03-27 16:00:00,0
2014-03-27 18:00:00,0
2014-03-27 20:00:00,0
2014-03-27 22:00:00,0
2014-04-13 00:00:00,0.175158793
2014-04-13 02:00:00,0.166763651
2014-04-13 04:00:00,0.147215681
2014-04-13 06:00:00,0.14705714
2014-04-13 08:00:00,0.154150868
2014-04-13 10:00:00,0.158934318
2014-04-13 12:00:00,0.164778998
2014-04-13 14:00:00,0.154797002
2014-04-13 16:00:00,0.126734995
2014-04-13 18:00:00,0.143633539
2014-04-13 20:00:00,0.116280179
2014-04-13 22:00:00,0.116932465
2014-04-14 00:00:00,0.122542479
2014-04-14 02:00:00,0.118878276
2014-04-14 04:00:00,0.160596625
2014-04-14 06:00:00,0.158507487
2014-04-14 08:00:00,0.126204031
2014-04-14 10:00:00,0.149130218
2014-04-14 12:00:00,0.14993843
2014-04-14 14:00:00,0.121697353
2014-04-14 16:00:00,0.133352447
2014-04-14 18:00:00,0.119530746
2014-04-14 20:00:00,0.1201737
2014-04-14 22:00:00,0.119587124
2014-04-15 00:00:00,0.14071625
2014-04-15 02:00:00,0.174348081
2014-04-15 04:00:00,0.176075289
2014-04-15 06:00:00,0.14808378
2014-04-15 08:00:00,0.185094659
2014-04-15 10:00:00,0.165053109
2014-04-15 12:00:00,0.16026208
2014-04-15 14:00:00,0.123767419
2014-04-15 16:00:00,0.133071828
2014-04-15 18:00:00,0.177739414
2014-04-15 20:00:00,0.208469399
2014-04-15 22:00:00,0.151421225
2014-04-16 00:00:00,0.158685364
2014-04-16 02:00:00,0.165142512
2014-04-16 04:00:00,0.216376204
2014-04-16 06:00:00,0.2381727
2014-04-16 08:00:00,0.189398764
2014-04-16 10:00:00,0.176706449
2014-04-16 12:00:00,0.172477286
2014-04-16 14:00:00,0.16639439
2014-04-16 16:00:00,0.126211249
2014-04-16 18:00:00,0.170636757
2014-04-16 20:00:00,0.226434785
2014-04-16 22:00:00,0.21113726
2014-05-03 00:00:00,0.163940957
2014-05-03 02:00:00,0.164255694
2014-05-03 04:00:00,0.158713123
2014-05-03 06:00:00,0.163802029
2014-05-03 08:00:00,0.16075171
2014-05-03 10:00:00,0.161877919
2014-05-03 12:00:00,0.158981521
2014-05-03 14:00:00,0.167272456
2014-05-03 16:00:00,0.180459445
2014-05-03 18:00:00,0.140748066
2014-05-03 20:00:00,0.136765799
2014-05-03 22:00:00,0.141937922
2014-05-04 00:00:00,0.183017366
2014-05-04 02:00:00,0.160199439
2014-05-04 04:00:00,0.168386549
2014-05-04 06:00:00,0.168744692
2014-05-04 08:00:00,0.164314072
2014-05-04 10:00:00,0.163687718
2014-05-04 12:00:00,0.149477854
2014-05-04 14:00:00,0.146111399
2014-05-04 16:00:00,0.149071378
2014-05-04 18:00:00,0.122061745
2014-05-04 20:00:00,0.147198627
2014-05-04 22:00:00,0.148775435
2014-05-05 00:00:00,0.148752176
2014-05-05 02:00:00,0.148861514
2014-05-05 04:00:00,0.150234113
2014-05-05 06:00:00,0.150523646
2014-05-05 08:00:00,0.158986963
2014-05-05 10:00:00,0.162471758
2014-05-05 12:00:00,0.158630135
2014-05-05 14:00:00,0.150289411
2014-05-05 16:00:00,0.143760937
2014-05-05 18:00:00,0.124338613
2014-05-05 20:00:00,0.136084766
2014-05-05 22:00:00,0.147420307
2014-05-06 00:00:00,0.146477176
2014-05-06 02:00:00,0.137743457
2014-05-06 04:00:00,0.143083863
2014-05-06 06:00:00,0.113716275
2014-05-06 08:00:00,0.124719677
2014-05-06 10:00:00,0.120141237
2014-05-06 12:00:00,0.159018717
2014-05-06 14:00:00,0.18468514
2014-05-06 16:00:00,0.365903908
2014-05-06 18:00:00,0.294848508
2014-05-06 20:00:00,1.332059153
2014-05-06 22:00:00,0.129596442
2014-05-23 00:00:00,0
2014-05-23 02:00:00,0
2014-05-23 04:00:00,0
2014-05-23 06:00:00,0
2014-05-23 08:00:00,0
2014-05-23 10:00:00,0
2014-05-23 12:00:00,0
2014-05-23 14:00:00,0
2014-05-23 16:00:00,0
2014-05-23 18:00:00,0
2014-05-23 20:00:00,0
2014-05-23 22:00:00,0
2014-05-24 00:00:00,0
2014-05-24 02:00:00,0
2014-05-24 04:00:00,0
2014-05-24 06:00:00,0
2014-05-24 08:00:00,0
2014-05-24 10:00:00,0
2014-05-24 12:00:00,0
2014-05-24 14:00:00,0
2014-05-24 16:00:00,0
2014-05-24 18:00:00,0
2014-05-24 20:00:00,0
2014-05-24 22:00:00,0
2014-05-25 00:00:00,0
2014-05-25 02:00:00,0
2014-05-25 04:00:00,0
2014-05-25 06:00:00,0
2014-05-25 08:00:00,0
2014-05-25 10:00:00,0
2014-05-25 12:00:00,0
2014-05-25 14:00:00,0
2014-05-25 16:00:00,0
2014-05-25 18:00:00,0
2014-05-25 20:00:00,0
2014-05-25 22:00:00,0
2014-05-26 00:00:00,0
2014-05-26 02:00:00,0
2014-05-26 04:00:00,0
2014-05-26 06:00:00,0
2014-05-26 08:00:00,0
2014-05-26 10:00:00,0
2014-05-26 12:00:00,0
2014-05-26 14:00:00,0
2014-05-26 16:00:00,0
2014-05-26 18:00:00,0
2014-05-26 20:00:00,0
2014-05-26 22:00:00,0
2014-06-12 00:00:00,0.143450619
2014-06-12 02:00:00,0.147408654
2014-06-12 04:00:00,0.1392221
2014-06-12 06:00:00,0.130716013
2014-06-12 08:00:00,0.131640739
2014-06-12 10:00:00,0.135092447
2014-06-12 12:00:00,0.139804583
2014-06-12 14:00:00,0.159744046
2014-06-12 16:00:00,0.160471923
2014-06-12 18:00:00,0.158237658
2014-06-12 20:00:00,0.179952446
2014-06-12 22:00:00,0.181491223
2014-06-13 00:00:00,0.179255844
2014-06-13 02:00:00,0.13921263
2014-06-13 04:00:00,0.135364565
2014-06-13 06:00:00,0.135805249
2014-06-13 08:00:00,0.135381896
2014-06-13 10:00:00,0.138681087
2014-06-13 12:00:00,0.142982741
2014-06-13 14:00:00,0.150494012
2014-06-13 16:00:00,0.157447078
2014-06-13 18:00:00,0.16121015
2014-06-13 20:00:00,0.167693389
2014-06-13 22:00:00,0.167462211
2014-06-14 00:00:00,0.148067677
2014-06-14 02:00:00,0.145699098
2014-06-14 04:00:00,0.144181788
2014-06-14 06:00:00,0.129723057
2014-06-14 08:00:00,0.129210032
2014-06-14 10:00:00,0.141597586
2014-06-14 12:00:00,0.132174329
2014-06-14 14:00:00,0.129044102
2014-06-14 16:00:00,0.129652783
2014-06-14 18:00:00,0.132590714
2014-06-14 20:00:00,0.146456892
2014-06-14 22:00:00,0.160178442
2014-06-15 00:00:00,0.15663432
2014-06-15 02:00:00,0.145383452
2014-06-15 04:00:00,0.139340368
2014-06-15 06:00:00,0.136183281
2014-06-15 08:00:00,0.159198846
2014-06-15 10:00:00,0.138633096
2014-06-15 12:00:00,0.137077066
2014-06-15 14:00:00,0.111718571
2014-06-15 16:00:00,0.133376848
2014-06-15 18:00:00,0.154370007
2014-06-15 20:00:00,4.197678636
2014-06-15 22:00:00,6.269544362
2014-07-02 00:00:00,0.136606146
2014-07-02 02:00:00,0.138149639
2014-07-02 04:00:00,0.137918774
2014-07-02 06:00:00,0.142257173
2014-07-02 08:00:00,0.141829387
2014-07-02 10:00:00,0.151234223
2014-07-02 12:00:00,0.19106288
2014-07-02 14:00:00,0.136687866
2014-07-02 16:00:00,0.124712611
2014-07-02 18:00:00,0.232524242
2014-07-02 20:00:00,5.209770745
2014-07-02 22:00:00,9.55981164
2014-07-03 00:00:00,8.780451785
2014-07-03 02:00:00,2.376800042
2014-07-03 04:00:00,0.272629361
2014-07-03 06:00:00,0.221247605
2014-07-03 08:00:00,0.141474102
2014-07-03 10:00:00,0.141258635
2014-07-03 12:00:00,0.125198458
2014-07-03 14:00:00,0.130899343
2014-07-03 16:00:00,0.143797744
2014-07-03 18:00:00,0.146566709
2014-07-03 20:00:00,0.160345431
2014-07-03 22:00:00,0.173413187
2014-07-04 00:00:00,0.201539056
2014-07-04 02:00:00,0.179210403
2014-07-04 04:00:00,0.15248869
2014-07-04 06:00:00,0.127345186
2014-07-04 08:00:00,0.12169896
2014-07-04 10:00:00,0.1528963
2014-07-04 12:00:00,0.15744404
2014-07-04 14:00:00,0.160402606
2014-07-04 16:00:00,0.148861865
2014-07-04 18:00:00,0.146512227
2014-07-04 20:00:00,0.143596075
2014-07-04 22:00:00,0.146570631
2014-07-05 00:00:00,0.143709063
2014-07-05 02:00:00,0.147899512
2014-07-05 04:00:00,0.148784914
2014-07-05 06:00:00,0.147491305
2014-07-05 08:00:00,0.143940095
2014-07-05 10:00:00,0.148572781
2014-07-05 12:00:00,0.13923909
2014-07-05 14:00:00,0.159276154
2014-07-05 16:00:00,0.159993198
2014-07-05 18:00:00,0.177320291
2014-07-05 20:00:00,0.181998467
2014-07-05 22:00:00,0.194278029
2014-07-22 00:00:00,0
2014-07-22 02:00:00,0
2014-07-22 04:00:00,0
2014-07-22 06:00:00,0
2014-07-22 08:00:00,0
2014-07-22 10:00:00,0
2014-07-22 12:00:00,0
2014-07-22 14:00:00,0
2014-07-22 16:00:00,0
2014-07-22 18:00:00,0
2014-07-22 20:00:00,0
2014-07-22 22:00:00,0
2014-07-23 00:00:00,0
2014-07-23 02:00:00,0
2014-07-23 04:00:00,0
2014-07-23 06:00:00,0
2014-07-23 08:00:00,0
2014-07-23 10:00:00,0
2014-07-23 12:00:00,0
2014-07-23 14:00:00,0
2014-07-23 16:00:00,0
2014-07-23 18:00:00,0
2014-07-23 20:00:00,0
2014-07-23 22:00:00,0
2014-07-24 00:00:00,0
2014-07-24 02:00:00,0
2014-07-24 04:00:00,0
2014-07-24 06:00:00,0
2014-07-24 08:00:00,0
2014-07-24 10:00:00,0
2014-07-24 12:00:00,0
2014-07-24 14:00:00,0
2014-07-24 16:00:00,0
2014-07-24 18:00:00,0
2014-07-24 20:00:00,0
2014-07-24 22:00:00,0
2014-07-25 00:00:00,0
2014-07-25 02:00:00,0
2014-07-25 04:00:00,0
2014-07-25 06:00:00,0
2014-07-25 08:00:00,0
2014-07-25 10:00:00,0
2014-07-25 12:00:00,0
2014-07-25 14:00:00,0
2014-07-25 16:00:00,0
2014-07-25 18:00:00,0
2014-07-25 20:00:00,0
2014-07-25 22:00:00,0
2014-08-11 00:00:00,0.168250749
2014-08-11 02:00:00,0.173991842
2014-08-11 04:00:00,0.16395967
2014-08-11 06:00:00,0.143571481
2014-08-11 08:00:00,0.147626502
2014-08-11 10:00:00,0.155177358
2014-08-11 12:00:00,0.151027104
2014-08-11 14:00:00,0.149637927
2014-08-11 16:00:00,0.144248207
2014-08-11 18:00:00,0.144212911
2014-08-11 20:00:00,0.209882884
2014-08-11 22:00:00,0.156641024
2014-08-12 00:00:00,0.200035527
2014-08-12 02:00:00,0.167697878
2014-08-12 04:00:00,0.161540694
2014-08-12 06:00:00,0.159006656
2014-08-12 08:00:00,0.159770873
2014-08-12 10:00:00,0.165442679
2014-08-12 12:00:00,0.160048582
2014-08-12 14:00:00,0.149158616
2014-08-12 16:00:00,0.116316029
2014-08-12 18:00:00,0.131784935
2014-08-12 20:00:00,0.124236164
2014-08-12 22:00:00,0.119564638
2014-08-13 00:00:00,0.121290852
2014-08-13 02:00:00,0.174686773
2014-08-13 04:00:00,0.158712318
2014-08-13 06:00:00,0.157790439
2014-08-13 08:00:00,0.159319826
2014-08-13 10:00:00,0.16001999
2014-08-13 12:00:00,0.152639977
2014-08-13 14:00:00,0.148081493
2014-08-13 16:00:00,0.143111553
2014-08-13 18:00:00,0.142501347
2014-08-13 20:00:00,0.147536706
2014-08-13 22:00:00,0.143635302
2014-08-14 00:00:00,0.143754784
2014-08-14 02:00:00,0.143754784
2014-08-14 04:00:00,0.146972485
2014-08-14 06:00:00,0.14243629
2014-08-14 08:00:00,0.147306804
2014-08-14 10:00:00,0.161517261
2014-08-14 12:00:00,0.144586766
2014-08-14 14:00:00,0.146604924
2014-08-14 16:00:00,0.117191769
2014-08-14 18:00:00,0.124031323
2014-08-14 20:00:00,0.12195609
2014-08-14 22:00:00,0.138618922
2014-08-31 00:00:00,0.140521192
2014-08-31 02:00:00,0.133292195
2014-08-31 04:00:00,0.180263018
2014-08-31 06:00:00,0.168692232
2014-08-31 08:00:00,0.163061813
2014-08-31 10:00:00,0.123302262
2014-08-31 12:00:00,0.162067014
2014-08-31 14:00:00,0.137825228
2014-08-31 16:00:00,0.153932082
2014-08-31 18:00:00,0.185724016
2014-08-31 20:00:00,0.170604627
2014-08-31 22:00:00,0.221136969
2014-09-01 00:00:00,0.175063038
2014-09-01 02:00:00,0.164527404
2014-09-01 04:00:00,0.177241147
2014-09-01 06:00:00,0.170048962
2014-09-01 08:00:00,0.160663124
2014-09-01 10:00:00,0.153104113
2014-09-01 12:00:00,0.160365739
2014-09-01 14:00:00,0.169105526
2014-09-01 16:00:00,0.168387846
2014-09-01 18:00:00,0.18219189
2014-09-01 20:00:00,0.184457378
2014-09-01 22:00:00,0.246047796
2014-09-02 00:00:00,0.164752167
2014-09-02 02:00:00,0.166059903
2014-09-02 04:00:00,0.160127627
2014-09-02 06:00:00,0.161284647
2014-09-02 08:00:00,0.179022452
2014-09-02 10:00:00,0.17729612
2014-09-02 12:00:00,0.159549717
2014-09-02 14:00:00,0.154002383
2014-09-02 16:00:00,0.166640846
2014-09-02 18:00:00,0.170961482
2014-09-02 20:00:00,0.16846679
2014-09-02 22:00:00,0.164564119
2014-09-03 00:00:00,0.158809632
2014-09-03 02:00:00,0.14411128
2014-09-03 04:00:00,0.117280133
2014-09-03 06:00:00,0.139517621
2014-09-03 08:00:00,0.150254194
2014-09-03 10:00:00,0.151708583
2014-09-03 12:00:00,0.147713985
2014-09-03 14:00:00,0.158069684
2014-09-03 16:00:00,0.131109047
2014-09-03 18:00:00,0.17504452
2014-09-03 20:00:00,0.176526573
2014-09-03 22:00:00,0.173414234
2014-09-20 00:00:00,0
2014-09-20 02:00:00,0
2014-09-20 04:00:00,0
2014-09-20 06:00:00,0
2014-09-20 08:00:00,0
2014-09-20 10:00:00,0
2014-09-20 12:00:00,0
2014-09-20 14:00:00,0
2014-09-20 16:00:00,0
2014-09-20 18:00:00,0
2014-09-20 20:00:00,0
2014-09-20 22:00:00,0
2014-09-21 00:00:00,0
2014-09-21 02:00:00,0
2014-09-21 04:00:00,0
2014-09-21 06:00:00,0
2014-09-21 08:00:00,0
2014-09-21 10:00:00,0
2014-09-21 12:00:00,0
2014-09-21 14:00:00,0
2014-09-21 16:00:00,0
2014-09-21 18:00:00,0
2014-09-21 20:00:00,0
2014-09-21 22:00:00,0
2014-09-22 00:00:00,0
2014-09-22 02:00:00,0
2014-09-22 04:00:00,0
2014-09-22 06:00:00,0
2014-09-22 08:00:00,0
2014-09-22 10:00:00,0
2014-09-22 12:00:00,0
2014-09-22 14:00:00,0
2014-09-22 16:00:00,0
2014-09-22 18:00:00,0
2014-09-22 20:00:00,0
2014-09-22 22:00:00,0
2014-09-23 00:00:00,0
2014-09-23 02:00:00,0
2014-09-23 04:00:00,0
2014-09-23 06:00:00,0
2014-09-23 08:00:00,0
2014-09-23 10:00:00,0
2014-09-23 12:00:00,0
2014-09-23 14:00:00,0
2014-09-23 16:00:00,0
2014-09-23 18:00:00,0
2014-09-23 20:00:00,0
2014-09-23 22:00:00,0
2014-10-10 00:00:00,0.125331105
2014-10-10 02:00:00,0.129150735
2014-10-10 04:00:00,0.129214317
2014-10-10 06:00:00,0.123469236
2014-10-10 08:00:00,0.136162588
2014-10-10 10:00:00,0.138224258
2014-10-10 12:00:00,0.13527308
2014-10-10 14:00:00,0.146343086
2014-10-10 16:00:00,0.168202811
2014-10-10 18:00:00,0.146521507
2014-10-10 20:00:00,0.144231511
2014-10-10 22:00:00,0.144353486
2014-10-11 00:00:00,0.145821074
2014-10-11 02:00:00,0.133858551
2014-10-11 04:00:00,0.144602002
2014-10-11 06:00:00,0.145318119
2014-10-11 08:00:00,0.142314766
2014-10-11 10:00:00,0.127942406
2014-10-11 12:00:00,0.130984391
2014-10-11 14:00:00,0.142904154
2014-10-11 16:00:00,0.15026927
2014-10-11 18:00:00,0.152127136
2014-10-11 20:00:00,0.175744977
2014-10-11 22:00:00,0.210686192
2014-10-12 00:00:00,0.323888956
2014-10-12 02:00:00,1.263790929
2014-10-12 04:00:00,7.55657884
2014-10-12 06:00:00,7.319170453
2014-10-12 08:00:00,4.579836554
2014-10-12 10:00:00,0.329357265
2014-10-12 12:00:00,0.206195278
2014-10-12 14:00:00,0.191909508
2014-10-12 16:00:00,0.198609447
2014-10-12 18:00:00,0.213993584
2014-10-12 20:00:00,3.187274393
2014-10-12 22:00:00,9.372138421
2014-10-13 00:00:00,6.725924568
2014-10-13 02:00:00,5.571275529
2014-10-13 04:00:00,3.024169089
2014-10-13 06:00:00,3.293542075
2014-10-13 08:00:00,1.950995109
2014-10-13 10:00:00,0.160052458
2014-10-13 12:00:00,0.194975763
2014-10-13 14:00:00,0.171819462
2014-10-13 16:00:00,0.159148284
2014-10-13 18:00:00,0.260184655
2014-10-13 20:00:00,9.496573536
2014-10-13 22:00:00,11.81939257
2014-12-09 00:00:00,0.163517394
2014-12-09 02:00:00,0.177665222
2014-12-09 04:00:00,0.214478898
2014-12-09 06:00:00,0.172575508
2014-12-09 08:00:00,0.207336587
2014-12-09 10:00:00,0.165674894
2014-12-09 12:00:00,0.164130542
2014-12-09 14:00:00,0.162078201
2014-12-09 16:00:00,0.146039994
2014-12-09 18:00:00,0.160145765
2014-12-09 20:00:00,0.160191146
2014-12-09 22:00:00,0.15751519
2014-12-10 00:00:00,0.147976049
2014-12-10 02:00:00,0.148838996
2014-12-10 04:00:00,0.148276212
2014-12-10 06:00:00,0.158682997
2014-12-10 08:00:00,0.14729747
2014-12-10 10:00:00,0.148815515
2014-12-10 12:00:00,0.17513458
2014-12-10 14:00:00,0.174298166
2014-12-10 16:00:00,0.174832547
2014-12-10 18:00:00,0.159548177
2014-12-10 20:00:00,0.165808313
2014-12-10 22:00:00,0.141134593
2014-12-11 00:00:00,0.139980854
2014-12-11 02:00:00,0.141533653
2014-12-11 04:00:00,0.153322432
2014-12-11 06:00:00,0.184938976
2014-12-11 08:00:00,0.179388814
2014-12-11 10:00:00,0.162374068
2014-12-11 12:00:00,0.148573295
2014-12-11 14:00:00,0.151524516
2014-12-11 16:00:00,0.156821901
2014-12-11 18:00:00,0.182313876
2014-12-11 20:00:00,0.182500234
2014-12-11 22:00:00,0.205404215
2014-12-12 00:00:00,0.170977477
2014-12-12 02:00:00,0.158379173
2014-12-12 04:00:00,0.160894826
2014-12-12 06:00:00,0.169787303
2014-12-12 08:00:00,0.160970972
2014-12-12 10:00:00,0.165488324
2014-12-12 12:00:00,0.164299904
2014-12-12 14:00:00,0.150019442
2014-12-12 16:00:00,0.155099043
2014-12-12 18:00:00,0.152932326
2014-12-12 20:00:00,0.151035697
2014-12-12 22:00:00,0.162844116
2014-12-29 00:00:00,0
2014-12-29 02:00:00,0
2014-12-29 04:00:00,0
2014-12-29 06:00:00,0
2014-12-29 08:00:00,0
2014-12-29 10:00:00,0
2014-12-29 12:00:00,0
2014-12-29 14:00:00,0
2014-12-29 16:00:00,0
2014-12-29 18:00:00,0
2014-12-29 20:00:00,0
2014-12-29 22:00:00,0
2014-12-30 00:00:00,0
2014-12-30 02:00:00,0
2014-12-30 04:00:00,0
2014-12-30 06:00:00,0
2014-12-30 08:00:00,0
2014-12-30 10:00:00,0
2014-12-30 12:00:00,0
2014-12-30 14:00:00,0
2014-12-30 16:00:00,0
2014-12-30 18:00:00,0
2014-12-30 20:00:00,0
2014-12-30 22:00:00,0
2014-12-31 00:00:00,0
2014-12-31 02:00:00,0
2014-12-31 04:00:00,0
2014-12-31 06:00:00,0
2014-12-31 08:00:00,0
2014-12-31 10:00:00,0
2014-12-31 12:00:00,0
2014-12-31 14:00:00,0
2014-12-31 16:00:00,0
2014-12-31 18:00:00,0
2014-12-31 20:00:00,0
2014-12-31 22:00:00,0
2015-01-01 00:00:00,0
2015-01-01 02:00:00,0
2015-01-01 04:00:00,0
2015-01-01 06:00:00,0
2015-01-01 08:00:00,0
2015-01-01 10:00:00,0
2015-01-01 12:00:00,0
2015-01-01 14:00:00,0
2015-01-01 16:00:00,0
2015-01-01 18:00:00,0
2015-01-01 20:00:00,0
2015-01-01 22:00:00,0
2015-01-18 00:00:00,6.571404791
2015-01-18 02:00:00,4.863489413
2015-01-18 04:00:00,3.426750852
2015-01-18 06:00:00,1.65351375
2015-01-18 08:00:00,1.803621829
2015-01-18 10:00:00,0.501940345
2015-01-18 12:00:00,0.237389986
2015-01-18 14:00:00,0.164204279
2015-01-18 16:00:00,3.784419251
2015-01-18 18:00:00,12.73783958
2015-01-18 20:00:00,14.83827594
2015-01-18 22:00:00,14.51516574
2015-01-19 00:00:00,16.74961603
2015-01-19 02:00:00,12.36060511
2015-01-19 04:00:00,12.54189588
2015-01-19 06:00:00,12.55809901
2015-01-19 08:00:00,12.12181498
2015-01-19 10:00:00,13.74284035
2015-01-19 12:00:00,9.502891169
2015-01-19 14:00:00,1.766415568
2015-01-19 16:00:00,0.80394951
2015-01-19 18:00:00,0.80191566
2015-01-19 20:00:00,9.369745242
2015-01-19 22:00:00,13.22761295
2015-01-20 00:00:00,13.46520585
2015-01-20 02:00:00,1.756678673
2015-01-20 04:00:00,7.712554998
2015-01-20 06:00:00,3.848275144
2015-01-20 08:00:00,0.230234768
2015-01-20 10:00:00,0.126193887
2015-01-20 12:00:00,0.115310842
2015-01-20 14:00:00,0.147000403
2015-01-20 16:00:00,0.224034332
2015-01-20 18:00:00,13.48484622
2015-01-20 20:00:00,11.39975592
2015-01-20 22:00:00,16.89653003
2015-01-21 00:00:00,12.26325117
2015-01-21 02:00:00,12.69562689
2015-01-21 04:00:00,14.55741193
2015-01-21 06:00:00,12.29010044
2015-01-21 08:00:00,4.551548625
2015-01-21 10:00:00,0.275892956
2015-01-21 12:00:00,0.183768921
2015-01-21 14:00:00,0.205019513
2015-01-21 16:00:00,0.210711825
2015-01-21 18:00:00,2.255764933
2015-01-21 20:00:00,8.197156028
2015-01-21 22:00:00,3.692305569
2015-02-07 00:00:00,2.206552539
2015-02-07 02:00:00,3.085561514
2015-02-07 04:00:00,4.62954454
2015-02-07 06:00:00,6.606527446
2015-02-07 08:00:00,4.670288518
2015-02-07 10:00:00,0.282819682
2015-02-07 12:00:00,0.163584469
2015-02-07 14:00:00,0.161568569
2015-02-07 16:00:00,0.216151837
2015-02-07 18:00:00,1.260847133
2015-02-07 20:00:00,8.52676671
2015-02-07 22:00:00,3.718999853
2015-02-08 00:00:00,1.697528922
2015-02-08 02:00:00,4.055095762
2015-02-08 04:00:00,0.436785092
2015-02-08 06:00:00,0.186433217
2015-02-08 08:00:00,0.171007054
2015-02-08 10:00:00,0.190331613
2015-02-08 12:00:00,0.17164503
2015-02-08 14:00:00,0.162088663
2015-02-08 16:00:00,0.159313475
2015-02-08 18:00:00,0.296085168
2015-02-08 20:00:00,0.165923593
2015-02-08 22:00:00,0.177048324
2015-02-09 00:00:00,0.157482979
2015-02-09 02:00:00,0.159508362
2015-02-09 04:00:00,0.160570288
2015-02-09 06:00:00,0.163289131
2015-02-09 08:00:00,0.157557679
2015-02-09 10:00:00,0.197752657
2015-02-09 12:00:00,0.174886679
2015-02-09 14:00:00,0.203308915
2015-02-09 16:00:00,0.18880354
2015-02-09 18:00:00,0.177229329
2015-02-09 20:00:00,0.176439772
2015-02-09 22:00:00,0.14854422
2015-02-10 00:00:00,1.28540708
2015-02-10 02:00:00,0.153552033
2015-02-10 04:00:00,0.202597555
2015-02-10 06:00:00,0.178601258
2015-02-10 08:00:00,0.162145231
2015-02-10 10:00:00,0.16219627
2015-02-10 12:00:00,0.205378807
2015-02-10 14:00:00,0.168482152
2015-02-10 16:00:00,0.163724645
2015-02-10 18:00:00,0.166039638
2015-02-10 20:00:00,0.163408864
2015-02-10 22:00:00,0.155776419
2015-02-27 00:00:00,0
2015-02-27 02:00:00,0
2015-02-27 04:00:00,0
2015-02-27 06:00:00,0
2015-02-27 08:00:00,0
2015-02-27 10:00:00,0
2015-02-27 12:00:00,0
2015-02-27 14:00:00,0
2015-02-27 16:00:00,0
2015-02-27 18:00:00,0
2015-02-27 20:00:00,0
2015-02-27 22:00:00,0
2015-02-28 00:00:00,0
2015-02-28 02:00:00,0
2015-02-28 04:00:00,0
2015-02-28 06:00:00,0
2015-02-28 08:00:00,0
2015-02-28 10:00:00,0
2015-02-28 12:00:00,0
2015-02-28 14:00:00,0
2015-02-28 16:00:00,0
2015-02-28 18:00:00,0
2015-02-28 20:00:00,0
2015-02-28 22:00:00,0
2015-03-01 00:00:00,0
2015-03-01 02:00:00,0
2015-03-01 04:00:00,0
2015-03-01 06:00:00,0
2015-03-01 08:00:00,0
2015-03-01 10:00:00,0
2015-03-01 12:00:00,0
2015-03-01 14:00:00,0
2015-03-01 16:00:00,0
2015-03-01 18:00:00,0
2015-03-01 20:00:00,0
2015-03-01 22:00:00,0
2015-03-02 00:00:00,0
2015-03-02 02:00:00,0
2015-03-02 04:00:00,0
2015-03-02 06:00:00,0
2015-03-02 08:00:00,0
2015-03-02 10:00:00,0
2015-03-02 12:00:00,0
2015-03-02 14:00:00,0
2015-03-02 16:00:00,0
2015-03-02 18:00:00,0
2015-03-02 20:00:00,0
2015-03-02 22:00:00,0
2015-03-19 00:00:00,9.829101984
2015-03-19 02:00:00,12.34116722
2015-03-19 04:00:00,8.38486535
2015-03-19 06:00:00,8.946221918
2015-03-19 08:00:00,7.028368553
2015-03-19 10:00:00,3.86495913
2015-03-19 12:00:00,3.690333482
2015-03-19 14:00:00,5.488392097
2015-03-19 16:00:00,3.342001097
2015-03-19 18:00:00,7.046647222
2015-03-19 20:00:00,8.681449606
2015-03-19 22:00:00,5.641987139
2015-03-20 00:00:00,5.365915194
2015-03-20 02:00:00,6.506078083
2015-03-20 04:00:00,5.545089165
2015-03-20 06:00:00,5.54627396
2015-03-20 08:00:00,2.564402984
2015-03-20 10:00:00,2.312965578
2015-03-20 12:00:00,3.426691973
2015-03-20 14:00:00,3.470777872
2015-03-20 16:00:00,0.827649056
2015-03-20 18:00:00,1.217366002
2015-03-20 20:00:00,3.076709507
2015-03-20 22:00:00,5.943903295
2015-03-21 00:00:00,3.465533414
2015-03-21 02:00:00,4.236835749
2015-03-21 04:00:00,2.228740518
2015-03-21 06:00:00,3.648167402
2015-03-21 08:00:00,6.133985722
2015-03-21 10:00:00,5.771998445
2015-03-21 12:00:00,1.734346953
2015-03-21 14:00:00,2.083219291
2015-03-21 16:00:00,1.33431868
2015-03-21 18:00:00,0.572382307
2015-03-21 20:00:00,2.664404842
2015-03-21 22:00:00,3.983566851
2015-03-22 00:00:00,3.331912906
2015-03-22 02:00:00,3.303971933
2015-03-22 04:00:00,2.784044713
2015-03-22 06:00:00,2.174707118
2015-03-22 08:00:00,0.278232147
2015-03-22 10:00:00,0.266563676
2015-03-22 12:00:00,0.932619382
2015-03-22 14:00:00,0.631187705
2015-03-22 16:00:00,5.636937498
2015-03-22 18:00:00,1.682780056
2015-03-22 20:00:00,1.550693163
2015-03-22 22:00:00,1.969097798
2015-08-06 00:00:00,0.180391472
2015-08-06 02:00:00,0.1792653
2015-08-06 04:00:00,0.150524007
2015-08-06 06:00:00,0.172411097
2015-08-06 08:00:00,0.17363452
2015-08-06 10:00:00,0.165474191
2015-08-06 12:00:00,0.173786476
2015-08-06 14:00:00,0.158685777
2015-08-06 16:00:00,0.146125613
2015-08-06 18:00:00,0.145402095
2015-08-06 20:00:00,1.704859675
2015-08-06 22:00:00,0.322552493
2015-08-07 00:00:00,0.140802976
2015-08-07 02:00:00,0.164116642
2015-08-07 04:00:00,0.16306417
2015-08-07 06:00:00,0.164178296
2015-08-07 08:00:00,0.205609128
2015-08-07 10:00:00,0.175727128
2015-08-07 12:00:00,1.162545727
2015-08-07 14:00:00,0.608576117
2015-08-07 16:00:00,0.23293987
2015-08-07 18:00:00,0.188815097
2015-08-07 20:00:00,0.206345547
2015-08-07 22:00:00,0.18966142
2015-08-08 00:00:00,0.165359426
2015-08-08 02:00:00,0.153987228
2015-08-08 04:00:00,0.319417592
2015-08-08 06:00:00,0.170053695
2015-08-08 08:00:00,0.158087426
2015-08-08 10:00:00,0.145486256
2015-08-08 12:00:00,0.153053636
2015-08-08 14:00:00,0.156681331
2015-08-08 16:00:00,0.152781624
2015-08-08 18:00:00,0.11953463
2015-08-08 20:00:00,0.130093095
2015-08-08 22:00:00,0.113298635
2015-08-09 00:00:00,0.159776376
2015-08-09 02:00:00,0.142365487
2015-08-09 04:00:00,0.146507607
2015-08-09 06:00:00,0.152878698
2015-08-09 08:00:00,0.136560857
2015-08-09 10:00:00,0.151796235
2015-08-09 12:00:00,0.171872542
2015-08-09 14:00:00,0.178238481
2015-08-09 16:00:00,0.193092599
2015-08-09 18:00:00,0.166008147
2015-08-09 20:00:00,0.169389062
2015-08-09 22:00:00,0.148170808
2015-08-26 00:00:00,0
2015-08-26 02:00:00,0
2015-08-26 04:00:00,0
2015-08-26 06:00:00,0
2015-08-26 08:00:00,0
2015-08-26 10:00:00,0
2015-08-26 12:00:00,0
2015-08-26 14:00:00,0
2015-08-26 16:00:00,0
2015-08-26 18:00:00,0
2015-08-26 20:00:00,0
2015-08-26 22:00:00,0
2015-08-27 00:00:00,0
2015-08-27 02:00:00,0
2015-08-27 04:00:00,0
2015-08-27 06:00:00,0
2015-08-27 08:00:00,0
2015-08-27 10:00:00,0
2015-08-27 12:00:00,0
2015-08-27 14:00:00,0
2015-08-27 16:00:00,0
2015-08-27 18:00:00,0
2015-08-27 20:00:00,0
2015-08-27 22:00:00,0
2015-08-28 00:00:00,0
2015-08-28 02:00:00,0
2015-08-28 04:00:00,0
2015-08-28 06:00:00,0
2015-08-28 08:00:00,0
2015-08-28 10:00:00,0
2015-08-28 12:00:00,0
2015-08-28 14:00:00,0
2015-08-28 16:00:00,0
2015-08-28 18:00:00,0
2015-08-28 20:00:00,0
2015-08-28 22:00:00,0
2015-08-29 00:00:00,0
2015-08-29 02:00:00,0
2015-08-29 04:00:00,0
2015-08-29 06:00:00,0
2015-08-29 08:00:00,0
2015-08-29 10:00:00,0
2015-08-29 12:00:00,0
2015-08-29 14:00:00,0
2015-08-29 16:00:00,0
2015-08-29 18:00:00,0
2015-08-29 20:00:00,0
2015-08-29 22:00:00,0
2015-09-15 00:00:00,7.62637213
2015-09-15 02:00:00,8.406302607
2015-09-15 04:00:00,8.157678895
2015-09-15 06:00:00,9.803729502
2015-09-15 08:00:00,8.547603564
2015-09-15 10:00:00,4.727848254
2015-09-15 12:00:00,1.434105291
2015-09-15 14:00:00,0.561450497
2015-09-15 16:00:00,0.236522245
2015-09-15 18:00:00,1.743181129
2015-09-15 20:00:00,6.579241445
2015-09-15 22:00:00,9.55568708
2015-09-16 00:00:00,8.246148234
2015-09-16 02:00:00,9.0016247
2015-09-16 04:00:00,10.35792032
2015-09-16 06:00:00,9.426364956
2015-09-16 08:00:00,9.096846704
2015-09-16 10:00:00,5.85833213
2015-09-16 12:00:00,5.551131774
2015-09-16 14:00:00,3.291626427
2015-09-16 16:00:00,2.849602865
2015-09-16 18:00:00,5.235692141
2015-09-16 20:00:00,11.80910478
2015-09-16 22:00:00,8.296556443
2015-09-17 00:00:00,10.30943433
2015-09-17 02:00:00,10.43074215
2015-09-17 04:00:00,9.24585596
2015-09-17 06:00:00,8.912756105
2015-09-17 08:00:00,5.50989866
2015-09-17 10:00:00,3.977752535
2015-09-17 12:00:00,0.54514462
2015-09-17 14:00:00,0.633686157
2015-09-17 16:00:00,1.704597516
2015-09-17 18:00:00,4.626095685
2015-09-17 20:00:00,12.27438508
2015-09-17 22:00:00,9.002986584
2015-09-18 00:00:00,10.45904396
2015-09-18 02:00:00,9.754364888
2015-09-18 04:00:00,6.327648912
2015-09-18 06:00:00,12.92869008
2015-09-18 08:00:00,9.759674115
2015-09-18 10:00:00,5.175913844
2015-09-18 12:00:00,2.280458778
2015-09-18 14:00:00,2.857871059
2015-09-18 16:00:00,2.165733671
2015-09-18 18:00:00,1.707053432
2015-09-18 20:00:00,1.417217171
2015-09-18 22:00:00,0.402997404
2015-10-05 00:00:00,0.159523161
2015-10-05 02:00:00,0.14862777
2015-10-05 04:00:00,0.157646863
2015-10-05 06:00:00,0.140326458
2015-10-05 08:00:00,0.137072807
2015-10-05 10:00:00,0.136586707
2015-10-05 12:00:00,0.140742745
2015-10-05 14:00:00,0.175873079
2015-10-05 16:00:00,0.151255351
2015-10-05 18:00:00,0.144914967
2015-10-05 20:00:00,0.132455944
2015-10-05 22:00:00,0.134387671
2015-10-06 00:00:00,0.169391383
2015-10-06 02:00:00,0.168745601
2015-10-06 04:00:00,0.154382485
2015-10-06 06:00:00,0.14350943
2015-10-06 08:00:00,0.15761595
2015-10-06 10:00:00,0.158715602
2015-10-06 12:00:00,0.161640465
2015-10-06 14:00:00,0.161892677
2015-10-06 16:00:00,0.148332466
2015-10-06 18:00:00,0.122377611
2015-10-06 20:00:00,0.130944642
2015-10-06 22:00:00,0.191157038
2015-10-07 00:00:00,0.182674783
2015-10-07 02:00:00,0.176704664
2015-10-07 04:00:00,0.160531607
2015-10-07 06:00:00,0.124522324
2015-10-07 08:00:00,0.155207421
2015-10-07 10:00:00,0.159478087
2015-10-07 12:00:00,0.158177056
2015-10-07 14:00:00,0.174825426
2015-10-07 16:00:00,0.181003039
2015-10-07 18:00:00,1.018096031
2015-10-07 20:00:00,1.055526089
2015-10-07 22:00:00,3.496776621
2015-10-08 00:00:00,3.431684816
2015-10-08 02:00:00,4.420302069
2015-10-08 04:00:00,5.864477019
2015-10-08 06:00:00,9.255886981
2015-10-08 08:00:00,10.85980637
2015-10-08 10:00:00,3.935637877
2015-10-08 12:00:00,1.612408851
2015-10-08 14:00:00,0.641577459
2015-10-08 16:00:00,0.194156604
2015-10-08 18:00:00,0.17824909
2015-10-08 20:00:00,0.91299811
2015-10-08 22:00:00,1.211933215
2015-10-25 00:00:00,0
2015-10-25 02:00:00,0
2015-10-25 04:00:00,0
2015-10-25 06:00:00,0
2015-10-25 08:00:00,0
2015-10-25 10:00:00,0
2015-10-25 12:00:00,0
2015-10-25 14:00:00,0
2015-10-25 16:00:00,0
2015-10-25 18:00:00,0
2015-10-25 20:00:00,0
2015-10-25 22:00:00,0
2015-10-26 00:00:00,0
2015-10-26 02:00:00,0
2015-10-26 04:00:00,0
2015-10-26 06:00:00,0
2015-10-26 08:00:00,0
2015-10-26 10:00:00,0
2015-10-26 12:00:00,0
2015-10-26 14:00:00,0
2015-10-26 16:00:00,0
2015-10-26 18:00:00,0
2015-10-26 20:00:00,0
2015-10-26 22:00:00,0
2015-10-27 00:00:00,0
2015-10-27 02:00:00,0
2015-10-27 04:00:00,0
2015-10-27 06:00:00,0
2015-10-27 08:00:00,0
2015-10-27 10:00:00,0
2015-10-27 12:00:00,0
2015-10-27 14:00:00,0
2015-10-27 16:00:00,0
2015-10-27 18:00:00,0
2015-10-27 20:00:00,0
2015-10-27 22:00:00,0
2015-10-28 00:00:00,0
2015-10-28 02:00:00,0
2015-10-28 04:00:00,0
2015-10-28 06:00:00,0
2015-10-28 08:00:00,0
2015-10-28 10:00:00,0
2015-10-28 12:00:00,0
2015-10-28 14:00:00,0
2015-10-28 16:00:00,0
2015-10-28 18:00:00,0
2015-10-28 20:00:00,0
2015-10-28 22:00:00,0
2015-11-14 00:00:00,0.147212254
2015-11-14 02:00:00,0.147396939
2015-11-14 04:00:00,0.148326418
2015-11-14 06:00:00,0.153215913
2015-11-14 08:00:00,0.15064252
2015-11-14 10:00:00,0.162454331
2015-11-14 12:00:00,0.163761982
2015-11-14 14:00:00,0.156925029
2015-11-14 16:00:00,0.146505335
2015-11-14 18:00:00,0.145035901
2015-11-14 20:00:00,0.147652742
2015-11-14 22:00:00,0.13093014
2015-11-15 00:00:00,0.141424503
2015-11-15 02:00:00,0.148518848
2015-11-15 04:00:00,0.145659153
2015-11-15 06:00:00,0.147658339
2015-11-15 08:00:00,0.146458463
2015-11-15 10:00:00,0.158845916
2015-11-15 12:00:00,0.139804819
2015-11-15 14:00:00,0.144031703
2015-11-15 16:00:00,0.121880551
2015-11-15 18:00:00,0.162681647
2015-11-15 20:00:00,0.168396887
2015-11-15 22:00:00,0.166265401
2015-11-16 00:00:00,0.177713692
2015-11-16 02:00:00,0.138635918
2015-11-16 04:00:00,0.13912286
2015-11-16 06:00:00,0.141668066
2015-11-16 08:00:00,0.143039371
2015-11-16 10:00:00,0.138177885
2015-11-16 12:00:00,0.146983159
2015-11-16 14:00:00,0.170681273
2015-11-16 16:00:00,0.169797844
2015-11-16 18:00:00,0.208801225
2015-11-16 20:00:00,0.2491734
2015-11-16 22:00:00,4.493177528
2015-11-17 00:00:00,3.719984408
2015-11-17 02:00:00,1.338588783
2015-11-17 04:00:00,3.981982428
2015-11-17 06:00:00,3.487555933
2015-11-17 08:00:00,0.196109284
2015-11-17 10:00:00,0.16409145
2015-11-17 12:00:00,0.164368993
2015-11-17 14:00:00,0.159635506
2015-11-17 16:00:00,0.175370324
2015-11-17 18:00:00,0.171699696
2015-11-17 20:00:00,0.17032605
2015-11-17 22:00:00,0.167726461
2015-12-04 00:00:00,0.179327217
2015-12-04 02:00:00,0.149163115
2015-12-04 04:00:00,0.177205703
2015-12-04 06:00:00,0.143859564
2015-12-04 08:00:00,0.161746653
2015-12-04 10:00:00,0.19068233
2015-12-04 12:00:00,0.164326089
2015-12-04 14:00:00,0.149470857
2015-12-04 16:00:00,0.159552272
2015-12-04 18:00:00,0.162062983
2015-12-04 20:00:00,0.149145018
2015-12-04 22:00:00,0.154773353
2015-12-05 00:00:00,0.158088474
2015-12-05 02:00:00,0.176853514
2015-12-05 04:00:00,0.162239075
2015-12-05 06:00:00,0.146057987
2015-12-05 08:00:00,0.137634491
2015-12-05 10:00:00,0.14154412
2015-12-05 12:00:00,0.181771473
2015-12-05 14:00:00,0.151441102
2015-12-05 16:00:00,0.149151435
2015-12-05 18:00:00,0.150712606
2015-12-05 20:00:00,0.145139807
2015-12-05 22:00:00,0.160340618
2015-12-06 00:00:00,0.158426544
2015-12-06 02:00:00,0.192561988
2015-12-06 04:00:00,0.192861339
2015-12-06 06:00:00,0.152313128
2015-12-06 08:00:00,0.141076097
2015-12-06 10:00:00,0.14864229
2015-12-06 12:00:00,0.177737003
2015-12-06 14:00:00,0.179246678
2015-12-06 16:00:00,0.166577489
2015-12-06 18:00:00,0.182508616
2015-12-06 20:00:00,0.151219837
2015-12-06 22:00:00,0.196145816
2015-12-07 00:00:00,0.15120096
2015-12-07 02:00:00,0.137470842
2015-12-07 04:00:00,0.120180009
2015-12-07 06:00:00,0.135003698
2015-12-07 08:00:00,0.137848122
2015-12-07 10:00:00,0.139736588
2015-12-07 12:00:00,0.123347011
2015-12-07 14:00:00,0.136150148
2015-12-07 16:00:00,0.136164083
2015-12-07 18:00:00,0.135506972
2015-12-07 20:00:00,0.136160332
2015-12-07 22:00:00,0.120588778
2015-12-23 00:00:00,0.138688524
2015-12-23 02:00:00,0.141956177
2015-12-23 04:00:00,0.136607998
2015-12-23 06:00:00,0.136376295
2015-12-23 08:00:00,0.133699227
2015-12-23 10:00:00,0.136155322
2015-12-23 12:00:00,0.14569037
2015-12-23 14:00:00,0.185735328
2015-12-23 16:00:00,0.163627745
2015-12-23 18:00:00,0.173568635
2015-12-23 20:00:00,0.192679822
2015-12-23 22:00:00,0.156023016
2015-12-24 00:00:00,0.157078702
2015-12-24 02:00:00,0.183997261
2015-12-24 04:00:00,0.177565348
2015-12-24 06:00:00,0.160798737
2015-12-24 08:00:00,0.165190655
2015-12-24 10:00:00,0.167215146
2015-12-24 12:00:00,0.15631303
2015-12-24 14:00:00,0.172482052
2015-12-24 16:00:00,0.168190338
2015-12-24 18:00:00,0.181052939
2015-12-24 20:00:00,0.168580216
2015-12-24 22:00:00,0.171065034
2015-12-25 00:00:00,0.172238874
2015-12-25 02:00:00,0.190083922
2015-12-25 04:00:00,0.147022292
2015-12-25 06:00:00,0.149591066
2015-12-25 08:00:00,0.141834142
2015-12-25 10:00:00,0.126991649
2015-12-25 12:00:00,0.167188083
2015-12-25 14:00:00,0.178597751
2015-12-25 16:00:00,0.169129592
2015-12-25 18:00:00,0.188126798
2015-12-25 20:00:00,0.150418531
2015-12-25 22:00:00,0.141653628
2015-12-26 00:00:00,0.139041081
2015-12-26 02:00:00,0.142269315
2015-12-26 04:00:00,0.140005862
2015-12-26 06:00:00,0.145684359
2015-12-26 08:00:00,0.130589567
2015-12-26 10:00:00,0.122457374
2015-12-26 12:00:00,0.120468271
2015-12-26 14:00:00,0.121499534
2015-12-26 16:00:00,0.138934439
2015-12-26 18:00:00,0.121675439
2015-12-26 20:00:00,0.137357692
2015-12-26 22:00:00,0.13734908
2015-12-27 00:00:00,0.137367437
2015-12-27 02:00:00,0.138011134
2015-12-27 04:00:00,0.119460049
2015-12-27 06:00:00,0.124789758
2015-12-27 08:00:00,0.120662865
2015-12-27 10:00:00,0.119187984
2015-12-27 12:00:00,0.121207473
2015-12-27 14:00:00,0.126128461
2015-12-27 16:00:00,0.145558287
2015-12-27 18:00:00,0.1416032
2015-12-27 20:00:00,0.142110782
2015-12-27 22:00:00,0.143659134
2015-12-28 00:00:00,0.167261204
2015-12-28 02:00:00,0.203478816
2015-12-28 04:00:00,0.197684736
2015-12-28 06:00:00,0.15393956
2015-12-28 08:00:00,0.150129928
2015-12-28 10:00:00,0.181834225
2015-12-28 12:00:00,0.166052626
2015-12-28 14:00:00,0.149207737
2015-12-28 16:00:00,0.145969717
2015-12-28 18:00:00,0.150161289
2015-12-28 20:00:00,0.160003068
2015-12-28 22:00:00,0.169344813
2015-12-29 00:00:00,0.162546157
2015-12-29 02:00:00,0.149044826
2015-12-29 04:00:00,0.199720719
2015-12-29 06:00:00,0.170055972
2015-12-29 08:00:00,0.160956241
2015-12-29 10:00:00,0.180334074
2015-12-29 12:00:00,0.162704091
2015-12-29 14:00:00,0.14224595
2015-12-29 16:00:00,0.149550012
2015-12-29 18:00:00,0.150628129
2015-12-29 20:00:00,0.154351682
2015-12-29 22:00:00,0.150581054
2015-12-30 00:00:00,0.155720232
2015-12-30 02:00:00,0.149745142
2015-12-30 04:00:00,0.154797145
2015-12-30 06:00:00,0.149023456
2015-12-30 08:00:00,0.157734482
2015-12-30 10:00:00,0.157400511
2015-12-30 12:00:00,0.151526352
2015-12-30 14:00:00,0.153927822
2015-12-30 16:00:00,0.21326851
2015-12-30 18:00:00,0.161367484
2015-12-30 20:00:00,0.160106093
2015-12-30 22:00:00,0.148582638
2015-12-31 00:00:00,0.155546402
2015-12-31 02:00:00,0.157673291
2015-12-31 04:00:00,0.146325151
2015-12-31 06:00:00,0.147034534
2015-12-31 08:00:00,0.144177729
2015-12-31 10:00:00,0.152004335
2015-12-31 12:00:00,0.144967721
2015-12-31 14:00:00,0.146464819
2015-12-31 16:00:00,0.144597447
2015-12-31 18:00:00,0.145759559
2015-12-31 20:00:00,0.145627683
2015-12-31 22:00:00,0.145640921
2016-01-01 00:00:00,0.147881887
2016-01-01 02:00:00,0.145640921
2016-01-01 04:00:00,0.148303317
2016-01-01 06:00:00,0.144156131
2016-01-01 08:00:00,0.146710601
2016-01-01 10:00:00,0.146084363
2016-01-01 12:00:00,0.152332788
2016-01-01 14:00:00,0.147987207
2016-01-01 16:00:00,0.146496781
2016-01-01 18:00:00,0.147499986
2016-01-01 20:00:00,0.147634866
2016-01-01 22:00:00,0.14738427
2016-01-02 00:00:00,0.147700152
2016-01-02 02:00:00,0.165087099
2016-01-02 04:00:00,0.165326595
2016-01-02 06:00:00,0.182301399
2016-01-02 08:00:00,0.181487254
2016-01-02 10:00:00,0.185991866
2016-01-02 12:00:00,0.161494584
2016-01-02 14:00:00,0.155022985
2016-01-02 16:00:00,0.159390239
2016-01-02 18:00:00,0.160336022
2016-01-02 20:00:00,0.17882173
2016-01-02 22:00:00,0.167899812
2016-01-03 00:00:00,0.160490679
2016-01-03 02:00:00,0.163057361
2016-01-03 04:00:00,0.169189646
2016-01-03 06:00:00,0.180775109
2016-01-03 08:00:00,0.176199404
2016-01-03 10:00:00,0.146451766
2016-01-03 12:00:00,0.138611068
2016-01-03 14:00:00,0.154170182
2016-01-03 16:00:00,0.175615236
2016-01-03 18:00:00,0.171525893
2016-01-03 20:00:00,0.196064305
2016-01-03 22:00:00,0.209535006
2016-01-04 00:00:00,0.25700776
2016-01-04 02:00:00,3.889400927
2016-01-04 04:00:00,4.276860499
2016-01-04 06:00:00,5.260780168
2016-01-04 08:00:00,2.189400661
2016-01-04 10:00:00,1.31212967